ORGAN_CODE,TOP_CODE,TOP_ORGAN,FULL_ORGAN,LWST_ORGAN,REGION,EXPEN_PUBLIC_ORDER,EXPEN_TRAFFIC,EXPEN_TOTAL,EXPEN_GOVERN,EXPEN_INSTITU,EXPEN_EDU,TOTAL_POPULATION,TOTAL_HOUSE,COASTLINE,TOTAL_AREA,FOREST_AREA,ARABLE_AREA,ROAD_AREA,WATER_FACILITY,RESTORATION_FACILITY,ACCOM_FACILITY,ETC_FACILITY,EXPEN_DMG_STORM,CNT_DISPATCH,TOTAL_RESCUE,FIRE_RESCUE,MNTN_RESCUE,CNT_FIRE,FIRE_AREA,EXPEN_FIRE
5690000,5690000,Sejong,Sejong,Sejong,CCA,0.095642395,0.024248045,0.065611864,0.043859748,0.005503828,0.095011783,0.034364115,0.042104039,0.00E+00,0.12959361,1.56E-01,0.156334147,0.250132876,0.209769591,0.306501087,0.318129025,0.191400586,0.01861082,0.045589522,0.054546466,0.040282686,0.010793308,0.034859989,0.007538664,0.104739598
6110000,6110000,Seoul,Seoul,Seoul,MPA,1,1,1,1,1,1,1,1,0.00E+00,0.007008404,9.64E-02,0.096402597,0.326089637,0.89114528,0.04920577,0.804177402,0.881107172,0.031490859,1,1,1,1,1,0.00436247,0.914455323
6260000,6260000,Busan,Busan,Busan,YNA,0.392048217,0.416182119,0.330012239,0.354803001,0.277009994,0.437955461,0.351105151,0.431386006,2.08E-01,0.091946276,2.20E-01,0.219732239,0.415308129,0.653053034,0.310785274,0.679542569,5.84E-01,0.360813732,0.251725811,0.339907096,0.097526502,0.269832704,0.400930688,0.100460111,0.138956711
6270000,6270000,Daegu,Daegu,Daegu,YNA,0.452009991,0.203075025,0.229574349,0.23211106,0.16928079,0.34157452,0.250182968,0.27939624,0.00E+00,0.127992551,3.04E-01,0.304112037,0.476749865,0.665942336,0.327807489,0.702066452,0.434388752,0.101955871,0.181776963,0.274874134,0.368904594,0.218024825,0.199036656,0.009584265,0.148443925
6280000,6280000,Incheon,Incheon,Incheon,MPA,0.454273346,0.248763854,0.290231292,0.313997482,0.502201421,0.382054569,0.305038452,0.340258259,5.49E-01,0.310138668,2.48E-01,0.247709943,0.574565128,0.926878487,0.707517117,0.777337228,6.71E-01,0.125322508,0.203205124,0.351200245,0.462190813,0.143550998,0.254633031,0.048377834,0.502917521
6290000,6290000,Gwangju,Gwangju,Gwangju,HNA,0.246767408,0.142439909,0.141943207,0.14374406,0.069917478,0.224785978,0.149319885,0.180754251,0.00E+00,0.157831044,1.19E-01,0.119183632,0.269744273,0.450796636,0.368725792,0.4386812,3.60E-01,0.367928836,0.117981008,0.20316542,0.067137809,0.29735564,0.139113397,0.006791883,0.065954031
6300000,6300000,Daejeon,Daejeon,Daejeon,CCA,0.234150868,0.096140228,0.133943766,0.161041133,0.072652611,0.212535678,0.151512224,0.169272844,0.00E+00,0.064393029,1.87E-01,0.18725621,0.290536476,0.441564995,0.141592459,0.50501589,0.397508308,0,0.09767678,0.147867931,0.161130742,0.10577442,0.160992734,0.004493207,0.08101779
6310000,6310000,Ulsan,Ulsan,Ulsan,YNA,0.235952765,0.078098079,0.104421627,0.110322262,0.053495657,0.183738296,0.117106003,0.133534951,7.66E-02,0.16885882,4.28E-01,0.427819161,0.573248451,0.520869135,0.459627993,0.580615913,0.291826145,0.149615936,0.118284342,0.517315235,0.098939929,0.143550998,0.132582252,0.010174852,0.598241042
6500000,6500000,Jeju-do,Jeju-do,Jeju-do,JJA,0.581186481,0.130778801,0.260575048,0.17521002,0.065701401,0.111785006,0.068537288,0.090325988,2.92E-01,1,0.549450135,0.549450135,1,1.00E+00,0.730663842,0.676204429,1,0.104595756,0.090821429,0.076687714,0.024028269,0.066918511,0.101477672,0.010127613,0.055964485
3000000,6110000,Seoul,Seoul Jongno-gu,Jongno-gu,MPA,0.003352557,0.006445764,0.01399522,0.011684808,0.001832747,0,0.014476283,0.015524508,0.00E+00,0,0.006014546,0.006014546,0.01141432,0.018425307,0,1.06E-02,0.020828628,0.000139509,0.036610832,0.026007621,0.028268551,0.087965461,0.039676708,0.00014068,0.01106685
3010000,6110000,Seoul,Seoul Jung-gu,Jung-gu,MPA,0.011305785,0.005413066,0.014068292,0.008783189,0.003003871,0,0.0119066,0.012848445,0.00E+00,0,0.000949996,0.000949996,0.003861431,0.015843327,0.00E+00,0.007897779,0.011832782,0,0.029318041,0.032433034,0.041696113,0.001618996,0.039839987,0.000446713,6.06E-01
3020000,6110000,Seoul,Seoul Yongsan-gu,Yongsan-gu,MPA,0.005063648,0.006771431,0.014822457,0.008563209,0.002150737,0,0.022488119,0.024451979,0.00E+00,0,0.001132446,0.001132446,0.010306362,0.019730572,0,0.042840434,0.041297492,0,3.29E-02,0.033295319,0.027561837,0,0.036656054,5.08E-05,5.33E-03
3030000,6110000,Seoul,Seoul Seongdong-gu,Seongdong-gu,MPA,0.006852064,0.005765168,0.020786354,0.011720404,0.003224846,0,0.029672506,0.029121101,0.00E+00,0,0.000333442,0.000333442,0.00759608,1.71E-02,9.03E-05,0.033845827,0.028766144,5.76E-05,0.027750283,0.033796,0.019081272,0,0.033145563,7.46E-05,0.010784489
3040000,6110000,Seoul,Seoul Gwangjin-gu,Gwangjin-gu,MPA,0.011208909,0.003089519,0.020714379,0.013272117,0.002224996,0,0.035099633,0.029450156,0.00E+00,0,0.001855953,0.001855953,0.007706353,0.019810403,4.86E-05,0.025496118,0.024228032,0,0.029190321,0.037606743,0.07844523,0.031840259,0.032492448,0.000109966,0.0084569
3050000,6110000,Seoul,Seoul Dongdaemun-gu,Dongdaemun-gu,MPA,0.012085274,0.006516473,0.024780866,0.013793337,0.001398908,0,0.034634503,0.034440752,0.00E+00,0,0.000717216,0.000717216,0.006164891,0.021430354,6.69E-05,0.01611617,0.041074432,0.000197366,0.039602664,0.034129788,0.025441696,0.003777658,0.032492448,0.000163144,1.27E-02
3060000,6110000,Seoul,Seoul Jungnang-gu,Jungnang-gu,MPA,0.011854031,0.005381931,0.029523857,0.01484001,0.00149898,0,0.040058245,0.036634829,0.00E+00,0,0.003277802,0.003277802,0.008481862,0.023235823,0.001788107,0.019833712,0.024015628,0.00011513,0.035020723,0.027537482,0.036042403,0.017808958,0.037880643,8.54E-05,0.004216839
3070000,6110000,Seoul,Seoul Seongbuk-gu,Seongbuk-gu,MPA,0.007206912,0.005652884,0.030676542,0.01661404,0.003511919,0,0.044286607,0.045822614,0.00E+00,0,0.005838387,0.005838387,0.011772589,2.25E-02,0.000235462,0.014703727,0.04442687,0.007624191,0.037603852,0.022419404,0.017667845,0.025364274,0.033145563,0.000125139,7.66E-03
3080000,6110000,Seoul,Seoul Gangbuk-gu,Gangbuk-gu,MPA,0.010449011,0.005913888,0.02525328,0.014989225,0.00173685,0,0.031123749,0.032474291,0.00E+00,0,0.007983743,0.007983743,0.011245057,0.014177413,0.00013655,0.008444021,0.013170864,0.00510998,0.031897978,0.023226058,0.01130742,0.084727469,0.030206547,6.66E-05,0.003497273
3090000,6110000,Seoul,Seoul Dobong-gu,Dobong-gu,MPA,0.001303938,0.005349865,0.024001418,0.012802635,0.001719526,0,0.033071243,0.03422634,0.00E+00,0,0.006228452,0.006228452,0.009653229,0.015119408,0.000577376,0.011052587,0.021174587,0.002165045,0.029535164,0.073822703,0.096113074,0.146249325,0.033961956,0.000177433,0.007804489
3100000,6110000,Seoul,Seoul Nowon-gu,Nowon-gu,MPA,0.144870039,0.004931352,0.041530933,0.023305307,0.002513528,0,0.053753209,0.060142524,0.00E+00,0,0.01031784,0.01031784,0.017652862,0.023604753,0.000840008,0.022021985,0.09290951,0.003118937,0.042367794,0.051570193,0.058657244,0.092282785,0.035268185,0.000184357,0.004157063
3110000,6110000,Seoul,Seoul Eunpyeong-gu,Eunpyeong-gu,MPA,0.004048721,0.004395354,0.033234654,0.016793826,0.001115529,0,0.048591461,0.04893004,0.00E+00,0,0.008902283,0.008902283,0.014552259,0.02436084,0.00175023,0.016199566,0.019358339,0.005682507,0.0431852,0.039887625,2.69E-02,0.210469509,0.03347212,0.000591591,2.28E-02
3120000,6110000,Seoul,Seoul Seodaemun-gu,Seodaemun-gu,MPA,0.002146602,0.005232873,0.021494892,0.012268749,0.001070457,0,0.031077895,0.0319144,0.00E+00,0,0.003516873,0.003516873,0.008011021,0.015999563,1.99E-05,0.010940113,0.057030274,0.001099221,3.11E-02,0.03073628,0.024028269,0.023745278,0.04065638,7.33E-05,0.065162748
3130000,6110000,Seoul,Seoul Mapo-gu,Mapo-gu,MPA,0.01180266,0.006495739,0.024084968,0.014916934,0.002591503,0,0.03753053,0.039389847,0.00E+00,0,0.000465561,0.000465561,0.011380718,0.03113199,0.000459848,0.050699468,0.029484178,4.93E-05,0.045429872,0.050207227,0.021201413,0.001618996,0.040819659,0.000136113,5.44E-03
3140000,6110000,Seoul,Seoul Yangcheon-gu,Yangcheon-gu,MPA,0.010180117,0.004501662,0.027904876,0.016213813,0.00170099,0,0.046277676,0.045163219,0.00E+00,0,0.001780457,0.001780457,0.007892064,0.026686633,5.99E-05,0.018930401,0.02683957,0.000904596,0.032360961,0.027398403,0.018374558,0.002698327,0.031186219,5.72E-05,0.006624441
3150000,6110000,Seoul,Seoul Gangseo-gu,Gangseo-gu,MPA,0.002808772,0.006829027,0.040217006,0.023475656,0.001783347,0,0.059716984,0.062456447,0.00E+00,0,0.002447341,0.002447341,0.020901707,0.037646986,0.021438462,0.047372587,0.032424599,0.002113465,0.051624274,0.034407944,0.021908127,0.002158662,0.058290473,0.000199161,8.53E-03
3160000,6110000,Seoul,Seoul Guro-gu,Guro-gu,MPA,0.007149777,0.005229361,0.028010994,0.017594134,0.001811426,0,0.040793279,0.041841251,0.00E+00,0,0.002183104,0.002183104,0.009361004,0.023908117,1.56E-03,0.023646596,0.041647658,0.000400215,0.03731329,0.038886262,0.024028269,0.004856989,0.041636052,9.45E-05,5.24E-03
3170000,6110000,Seoul,Seoul Geumcheon-gu,Geumcheon-gu,MPA,0.010613862,0.001795349,0.017479451,0.009152587,0.001596278,0,0.023102846,0.021575797,0.00E+00,0,0.002013237,0.002013237,0.005517969,0.014476483,9.33E-05,0.012082491,0.011028451,0.00E+00,0.025480066,0.024894996,0.039575972,0.024284943,0.025226549,8.30E-05,0.007045134
3180000,6110000,Seoul,Seoul Yeongdeungpo-gu,Yeongdeungpo-gu,MPA,0.013815608,0.006499195,0.025316438,0.013895164,0.002539596,0,0.037643445,0.034289684,0.00E+00,0,2.52E-05,2.52E-05,0.011758122,0.039915446,1.66E-04,0.06646947,0.020332699,0.000767536,0.05722478,0.098856777,0.126501767,0,0.042697363,0.000163733,3.06E-02
3190000,6110000,Seoul,Seoul Dongjak-gu,Dongjak-gu,MPA,0.000727227,0.002557668,0.023735668,0.014162279,0.00192539,0,0.039537746,0.037880671,0.00E+00,0,0.002346679,0.002346679,0.007322768,0.018185781,0.000135678,0.01338729,0.026408084,0.000383768,0.032405663,0.030346861,0.016254417,0.008634647,0.033717038,4.68E-05,0.003960138
3200000,6110000,Seoul,Seoul Gwanak-gu,Gwanak-gu,MPA,0.006187285,0.007686093,0.030950182,0.01598076,0.001176754,0,0.050369428,0.042646576,0.00E+00,0,0.010940685,0.010940685,0.014475826,0.021101316,0.000250915,0.013215361,0.021394657,0,0.048389775,0.05037412,0.050883392,0.189962223,0.052902278,0.000195478,0.011837317
3210000,6110000,Seoul,Seoul Seocho-gu,Seocho-gu,MPA,0.036224845,0.006230833,0.024901716,0.022341075,0.000608992,0,0.043025133,0.042099606,0.00E+00,0,0.010110225,0.010110225,0.023902205,0.062669706,0.007474351,0.046354367,0.019020964,0.000383768,5.37E-02,0.037606743,0.054416961,0.021586616,0.03951343,0.000254328,0.014630723
3220000,6110000,Seoul,Seoul Gangnam-gu,Gangnam-gu,MPA,0.109980995,0.019490892,0.039811784,0.028674417,0.004705927,0,0.055070692,0.055306369,0.00E+00,0,0.004485744,0.004485744,0.019851774,0.067621056,0.004393651,0.056130056,0.041897114,8.22E-05,0.076130478,0.055214041,0.034628975,0.006475985,0.072822271,0.000251898,0.026574267
3230000,6110000,Seoul,Seoul Songpa-gu,Songpa-gu,MPA,0.019957821,0.006062752,0.035129569,0.018152407,0.002596384,0,0.067973837,0.066309612,0.00E+00,0,0.000666885,0.000666885,0.016806211,0.059199005,0.003729831,0.060923749,0.041594391,0,0.054913055,0.045895803,0.040282686,0.006475985,0.055106539,0.000269869,0.015521981
3240000,6110000,Seoul,Seoul Gangdong-gu,Gangdong-gu,MPA,0.008279518,0.007124501,0.029797225,1.58E-02,0.001876908,0,0.045355878,0.042088075,0.00E+00,0,0.001868536,0.001868536,0.011780822,0.034162843,3.89E-03,0.03889129,0.021548701,1.10E-03,0.038842732,0.039414759,0.060777385,0.005396654,0.047187526,0.000320912,8.64E-03
3250000,6260000,Busan,Busan Jung-gu,Jung-gu,YNA,0.003923139,0.001101773,0,0.00E+00,6.20E-05,0,0.003355579,0.00484637,3.00E-03,0,8.18E-05,8.18E-05,0,0,0,0,0,0.001111977,0.017318782,0.020055075,0.007067138,0.003777658,0.027839007,8.75E-05,0.00305784
3260000,6260000,Busan,Busan Seo-gu,Seo-gu,YNA,0.006522421,0.001599523,0.006882263,0.004142668,8.73E-05,0,0.01020566,0.01392083,8.57E-03,0,0.004265546,0.004265546,0.006031719,0.006837988,0.000194334,0.003462015,0.010745404,0.015526869,0,0,0,0,0,0,0
3270000,6260000,Busan,Busan Dong-gu,Dong-gu,YNA,0.00396849,0.002340608,0.00577108,3.51E-03,0,0,0.008127911,0.011324846,3.84E-03,0,0.001736417,0.001736417,0.003782018,0.008348739,8.23E-05,0.00762107,0.016052236,0.005950606,0,0,0,0,0,0,0.00E+00
3280000,6260000,Busan,Busan Yeongdo-gu,Yeongdo-gu,YNA,0.020926812,0.002792816,0.008024059,4.59E-03,0.000124799,0,0.010986012,0.015930816,2.13E-02,0,0.00253542,0.00253542,0.006156075,0.006904061,0.000509308,0.003743773,0.023934768,0.026961803,0.011890698,0.01371311,0,0.008634647,0.015674749,9.55E-05,0.003295673
3290000,6260000,Busan,Busan Busanjin-gu,Busanjin-gu,YNA,0.010010874,0.006998795,0.022649907,1.24E-02,3.55E-05,0,0.036346496,0.047009481,0.00E+00,0,0.00654302,0.00654302,0.014528738,0.027096183,0.000976136,0.02165355,0.054997303,0.018231191,0.031019905,0.048983338,0.018374558,0.022126282,0.05624949,0.000454668,0.007871217
3300000,6260000,Busan,Busan Dongnae-gu,Dongnae-gu,YNA,0.026801603,0.004121419,0.013219651,7.93E-03,3.88E-05,0,0.026993189,0.030224419,0.00E+00,0,0.002894028,0.002894028,0.007473118,0.018284911,0.000475809,0.013288162,0.022579881,0.010177637,0,0,0,0,0,0,0
3310000,6260000,Busan,Busan Nam-gu,Nam-gu,YNA,0.007920554,0.001632673,0.014733783,7.50E-03,0.0002542,0,0.026907838,0.035644386,1.76E-02,0,0.005725143,0.005725143,0.012986063,0.022493277,0.000488925,0.012088464,0.045947421,0.097795862,0,0,0,0,0,0,0
3320000,6260000,Busan,Busan Buk-gu,Buk-gu,YNA,0.018762214,0.004248064,0.018038796,0.009740631,2.57E-05,0,0.029025966,0.033900047,0.00E+00,0,0.014375771,0.014375771,0.019780827,0.018713041,0.002879653,0.039336365,0.030113763,0.000529006,0,0,0,0,0,0,0
3330000,6260000,Busan,Busan Haeundae-gu,Haeundae-gu,YNA,0.027129681,0.00932923,0.025356127,0.014131724,0,0,0.040698291,0.046693628,8.80E-03,0,0.018031054,0.018031054,0.026343887,0.03703482,0.004267501,0.028730393,0.042081822,0.030659481,0.021728302,0.026563934,0.002826855,0.01996762,0.029063597,0.000157694,0.002840236
3340000,6260000,Busan,Busan Saha-gu,Saha-gu,YNA,0.033360794,0.002544955,0.021878735,0.011600969,0,0,0.031872409,0.039023756,4.32E-02,0,0.008625462,0.008625462,0.021093242,0.035658241,0.00070855,0.037183781,0.020692848,0.010730911,0.024729713,0.039526022,0.007773852,0.025364274,0.036329496,0.001742219,0.007686932
3350000,6260000,Busan,Busan Geumjeong-gu,Geumjeong-gu,YNA,0.024389938,0.004166794,0.013750313,7.51E-03,0.000181248,0,0.023351386,0.028587076,0.00E+00,0,0.025920427,0.025920427,0.033802834,0.036221168,0.013663834,0.043097272,0.083043555,0.00323415,0.023532342,0.034157603,0.016961131,0.071235834,0.03232917,0.042066913,0.011724057
3360000,6260000,Busan,Busan Gangseo-gu,Gangseo-gu,YNA,0.062780582,0.007434,0.010024159,0.004932908,4.42E-05,0,0.012739144,0.013980255,6.50E-02,0,0.026606186,0.026606186,0.096714896,0.14435157,1.85E-01,0.232196607,0.039598075,0.022335708,0.014151335,0.01830269,0.000706714,0.00701565,0.040248184,0.000651693,0.013757464
3370000,6260000,Busan,Busan Yeonje-gu,Yeonje-gu,YNA,0.01029233,0.002879168,0.010132342,5.21E-03,0,0,0.020507896,0.023547398,0.00E+00,0,0.001893701,0.001893701,0.005019533,0.011563659,1.09E-04,0.00672255,0.023038423,0.005344929,0.027121263,0.038635921,0.012014134,0.01295197,0.043432117,0.00045813,0.005111114
3380000,6260000,Busan,Busan Suyeong-gu,Suyeong-gu,YNA,0.011450696,0.001559959,0.008039946,4.23E-03,5.72E-05,0,0.017319255,0.021988594,3.68E-03,0,0.001535093,0.001535093,0.003997529,0.009825018,1.92E-05,0.005357584,0.0077429,0.00581996,0.024001711,0.037439849,0.026855124,0.022665947,0.036982611,0.000106504,0.005813002
3390000,6260000,Busan,Busan Sasang-gu,Sasang-gu,YNA,0.005499585,0.003252512,0.013039648,0.007033467,4.66E-05,0,0.021397899,0.024717144,0.00E+00,0,7.85E-03,0.007851624,0.018009604,0.028370492,0.00177409,0.060783267,0.017803867,0.002224374,0.030537764,0.035353676,0.002120141,0.030221263,0.051269491,0.000787364,0.030510676
3400000,6260000,Busan,Busan Gijang-gun,Gijang-gun,YNA,0.055815211,0.010651137,0.019434687,0.011859143,0.002126951,0,0.016668674,0.019625235,0.033462198,0.024254114,0.091111558,0.091111558,0.116637965,0.114404582,0.099441175,0.091707344,0.078802903,0.104179267,0.020514966,0.019804734,0,0.008094981,0.031512777,0.053852042,0.047288501
3410000,6270000,Daegu,Daegu Jung-gu,Jung-gu,YNA,0.012601533,0.002002877,0.00492018,0.003426945,0.000209777,0,0.007097862,0.008097734,0.00E+00,0,0,0,0.002289269,0.010956477,0,0.006497744,0.008605886,0,0.020971563,0.034268866,0.06360424,0.031840259,0.022614091,0.000378583,0.021045428
3420000,6270000,Daegu,Daegu Dong-gu,Dong-gu,YNA,0.013633434,0.005718248,0.02569769,1.39E-02,0.000889996,0,0.034759732,0.041680931,0.00E+00,0,0.071627199,0.071627199,0.097069707,0.107135306,0.059535333,0.112105019,0.067613477,0.000166592,0.029538357,0.047342216,0.079151943,0.043712898,0.02514491,0.003039271,0.028974602
3430000,6270000,Daegu,Daegu Seo-gu,Seo-gu,YNA,0.004404148,0.000673273,0.012443229,0.006906107,1.16E-05,0,0.017103563,0.019167244,0.00E+00,0,0.001296021,0.001296021,0.007848599,3.01E-02,8.11E-04,0.019593755,0.015759316,0,0.025215048,0.037551111,0.054416961,0.016729628,0.034941628,0.000507404,0.018978161
3440000,6270000,Daegu,Daegu Nam-gu,Nam-gu,YNA,0.049210246,0.000528747,0.010548093,0.006035322,0,0,0.014272733,0.015301808,0.00E+00,0,0.004265546,0.004265546,0.007905326,0.016995674,1.97E-06,0.010532342,1.90E-02,0,0,0,0,0,0,0,0
3450000,6270000,Daegu,Daegu Buk-gu,Buk-gu,YNA,0.05135403,0.003683388,0.026713005,0.013590961,0.000344683,0,0.044392061,0.048199206,0.00E+00,0,0.028952865,0.028952865,0.049353741,0.091216944,0.016880583,0.08918316,6.41E-02,0.000275463,0.01652692,0.028622291,0.043816254,0.003777658,0.023267205,0.00023481,0.011431412
3460000,6270000,Daegu,Daegu Suseong-gu,Suseong-gu,YNA,0.015646145,0.004184023,0.025875245,0.012822219,0.001370229,0,0.043127703,0.045626061,0.00E+00,0,0.02372474,0.02372474,0.03989933,0.076577139,0.017312836,0.065599653,0.087018451,0.000269807,0.024247572,0.057077689,0.03745583,0.032379924,0.027675729,0.001877743,0.013686673
3470000,6270000,Daegu,Daegu Dalseo-gu,Dalseo-gu,YNA,0.017735096,0.004882469,0.034390053,0.017712492,0.00068472,0,0.057071345,0.060574176,0.00E+00,0,1.33E-02,0.013331404,0.032216914,0.08702374,0.006310734,0.060061285,7.84E-02,0,0.021051388,0.029234235,0.042402827,0.018348624,0.019756715,0.000153275,0.005997874
3480000,6270000,Daegu,Daegu Dalseong-gun,Dalseong-gun,YNA,0.025314711,0.032065737,0.030982576,0.016116541,0.003231648,0,0.025543915,0.03121894,0.00E+00,0.088754677,0.160914261,0.160914261,0.229456941,0.186651188,0.226954772,0.304627321,0.062550934,0.008569978,0.03809238,0.037356402,0.021908127,0.033998921,0.045636378,0.003393106,0.048329774
3490000,6280000,Incheon,Incheon Jung-gu,Jung-gu,MPA,0.010504341,0.00887637,0.010416727,0.006528833,0.001059759,0,0.01304896,0.015321627,7.54E-02,0,0.0205476,0.0205476,0.074421989,0.144417999,2.40E-02,0.118120158,0.134070468,0.002680345,0.015169899,0.024199605,0.014840989,0.004317323,0.029798351,0.000378141,0.128047979
3500000,6280000,Incheon,Incheon Dong-gu,Dong-gu,MPA,0.013057597,0,0.003623423,0.001836273,5.30E-05,0,0.005644183,0.007731257,5.03E-03,0,3.77E-05,3.77E-05,0.002364943,0.004438296,0,0.003638703,0.005490149,0.001832136,0,0,0,0,0,0,0
3510500,6280000,Incheon,Incheon Michuhol-gu,Michuhol-gu,MPA,0.04241984,0.004478196,0.030268818,0.014123538,0.000887405,0,0.041554944,0.038798357,0.00E+00,0,0.001516219,0.001516219,0.01191328,0.048923722,0.000149391,0.023452311,0.044479487,0.000713735,0.011133959,0.019220606,0.003533569,0.003237992,0.031920973,0.000789206,0.030211087
3520000,6280000,Incheon,Incheon Yeonsu-gu,Yeonsu-gu,MPA,0.010224421,0.00423467,0.019547572,0.0103035,0.00047344,0,0.037210697,0.036798328,2.03E-02,0,0.002686413,0.002686413,0.028483039,0.093282882,0.001280487,0.050803392,0.133759698,0.001123234,0.003754957,0.008149982,0.000706714,0,0.016491142,0.037682641,0.016536444
3530000,6280000,Incheon,Incheon Namdong-gu,Namdong-gu,MPA,0.052889769,0.005291884,0.033426513,0.017222679,0.001310082,0,0.053536689,0.059075632,2.91E-03,0,0.007933412,0.007933412,0.029435316,0.095454627,0.005514383,0.063969469,0.035641278,0.015340486,0.021045002,0.038858446,0.012014134,0.014570966,0.067923912,0.004013128,0.053267337
3540000,6280000,Incheon,Incheon Bupyeong-gu,Bupyeong-gu,MPA,0.041551978,0.005740087,0.033586226,0.018289399,0.002687187,0,0.051649934,0.055308104,0.00E+00,0,0.005209251,0.005209251,0.015795309,0.04363798,0.002712499,0.027710874,0.037352189,0.006814559,0.011718276,0.016633751,0.018374558,0.001618996,0.026859335,0.000384917,0.009225749
3550000,6280000,Incheon,Incheon Gyeyang-gu,Gyeyang-gu,MPA,0.03350567,0.006793144,0.017786159,0.009721247,0.011772679,0,0.0304803,0.033931333,0.00E+00,0,0.007209905,0.007209905,0.023136166,0.050764597,0.039345294,0.039061916,0.039484235,0.002561414,0.007998442,0.012238881,0.007773852,0.011872639,0.022614091,0.000632027,0.011541993
3560000,6280000,Incheon,Incheon Seo-gu,Seo-gu,MPA,0.015888467,0.00849504,0.035235607,0.018054102,0.00322288,0,0.055770667,0.057836953,1.40E-02,0,1.94E-02,0.019371115,0.06200096,0.148994603,0.046328641,0.105647267,0.12143878,0.011416458,0.017162325,0.02812161,0.002120141,0.006475985,0.03951343,0.003478913,0.210478001
3570000,6280000,Incheon,Incheon Ganghwa-gun,Ganghwa-gun,MPA,0.055516227,0.012980246,0.018493592,0.010249561,0.000890213,0,0.006202937,0.011209272,1.38E-01,0.235107171,0.11143267,0.11143267,0.22117724,0.1855279,0.530121644,0.241847002,0.053516428,0.067708945,0.010920028,0.006230703,0,0.02698327,0.019511797,0.001490026,0.04360893
3580000,6280000,Incheon,Incheon Ongjin-gun,Ongjin-gun,MPA,0.015049772,0.00798522,0.007878882,0.006052252,3.95E-05,0,0.001178213,0.002180039,2.94E-01,0,0.071765609,0.071765609,0.092066837,0.035268712,0.058064438,0.052532134,0.0116978,0.009204721,0,0,0,0,0,0,0
3590000,6290000,Gwangju,Gwangju Dong-gu,Dong-gu,HNA,0.00178134,0.001098629,0.008417992,0.004058522,0,0,0.009402424,0.012482449,0.00E+00,0,0.021774417,0.021774417,0.025164166,0.022832985,0.005337519,0.018672787,0.031747524,0.056901445,0.012692138,0.029762733,0.012014134,0.011332974,0.016001306,0.000263535,0.006971816
3600000,6290000,Gwangju,Gwangju Seo-gu,Seo-gu,HNA,0.003441093,0.002495817,0.01857589,9.47E-03,0.000207978,0,0.029894397,0.03466705,0.00E+00,0,0.00497647,0.00497647,0.024322327,0.063298035,0.033168586,0.058945649,4.26E-02,0.0356912,0.022226409,0.038691552,0.004240283,0.004317323,0.026859335,0.001014735,0.010089014
3610000,6290000,Gwangju,Gwangju Nam-gu,Nam-gu,HNA,0.010640664,0.001260302,0.014769998,0.007619434,3.31E-05,0,0.021399091,0.026672042,0.00E+00,0,0.011293001,0.011293001,0.031490564,0.048374882,0.065889177,0.049912153,4.34E-02,0.04170372,0.014387616,0.028594476,0.028975265,0.012412304,0.016491142,0.000439422,0.004989736
3620000,6290000,Gwangju,Gwangju Buk-gu,Buk-gu,HNA,0.006841496,0.003318359,0.031604098,0.015559963,0,0,0.043832168,0.053720261,0.00E+00,0,3.40E-02,0.033960792,0.063581325,0.106670906,0.060971291,0.095290208,1.13E-01,0.142824942,0.029480884,0.045645462,0.007067138,0.016729628,0.037472447,0.000913166,0.017659524
3630000,6290000,Gwangju,Gwangju Gwangsan-gu,Gwangsan-gu,HNA,0.081354366,0.003032344,0.028128786,1.39E-02,0.001932653,0,0.04089806,0.047766655,0.00E+00,0.089806617,0.047178952,0.047178952,0.11906587,0.175767751,0.203359221,0.196508304,1.11E-01,0.090807529,0.032606822,0.036049067,0.010600707,0.004856989,0.042289166,0.004160952,0.026243941
3640000,6300000,Daejeon,Daejeon Dong-gu,Dong-gu,CCA,0.005105433,0.003172735,0.017406059,0.009771317,1.00E-05,0,0.022365135,0.027088083,0.00E+00,0,0.055011702,0.055011702,0.072454129,0.080647995,0.021649211,0.14259134,0.057960258,0.03042424,0.018966365,0.027537482,0.015547703,0.022665947,0.031839334,0.001009727,0.012596438
3650000,6300000,Daejeon,Daejeon Jung-gu,Jung-gu,CCA,0,0.004640903,0.0151209,8.72E-03,0,0,0.023668611,0.027880783,0.00E+00,0,0.021535345,0.021535345,0.032124003,0.044456452,0.012444509,0.039285655,3.77E-02,0.014549951,0.013612929,0.023197954,0.03961715,0.011145734,0.019838354,0.000602787,0.009161765
3660000,6300000,Daejeon,Daejeon Seo-gu,Seo-gu,CCA,0.010753055,0.008156251,0.028381853,1.52E-02,1.99E-06,0,0.048678522,0.050536225,0.00E+00,0,0.032180336,0.032180336,0.050149353,0.083197774,0.02838137,0.080757669,7.55E-02,0.011265921,0.027911916,0.047565028,0.081230906,0.022853186,0.067270798,0.002035584,0.035149495
3670000,6300000,Daejeon,Daejeon Yuseong-gu,Yuseong-gu,CCA,0.004543042,0.006213314,0.018925714,1.17E-02,6.20E-05,0,0.035398448,0.03808156,0.00E+00,0,0.060592143,0.060592143,0.094026839,0.135345432,0.068980044,0.126811883,0.134549471,0.032007466,0.022705357,0.028205057,0.009187279,0.01996762,0.029308515,0.000570821,0.019811204
3680000,6300000,Daejeon,Daejeon Daedeok-gu,Daedeok-gu,CCA,0.000886395,0.007675194,0.012941283,0.007541265,0,0,0.017507763,0.020240399,0.00E+00,0,0.017936684,0.017936684,0.035662131,0.064065267,0.010137325,0.096217245,0.073913355,0.004426453,0.014480213,0.02136241,0.015547703,0.029141932,0.012735734,0.000274436,0.004298887
3690000,6310000,Ulsan,Ulsan Jung-gu,Jung-gu,YNA,0.028430345,0.003105323,0.011419496,0.006554569,0.000554935,0,0.022045008,0.023926884,0.00E+00,0,0.008946322,0.008946322,0.018503106,0.037329043,0.01202241,0.037395818,0.021696254,0.000880638,0.040452,0.164056633,0.02614841,0.090663788,0.041799331,0.001860279,0.010899833
3700000,6310000,Ulsan,Ulsan Nam-gu,Nam-gu,YNA,0.110031961,0.004956211,0.017778322,0.010175722,0.001904144,0,0.032436603,0.03575087,1.69E-02,0,0.01105393,0.01105393,0.038247057,0.080549322,0.010022655,0.064862015,0.053712373,0.004594681,0.030850677,0.131373258,0.024028269,0.005936319,0.035513103,0.00083148,0.068770948
3710000,6310000,Ulsan,Ulsan Dong-gu,Dong-gu,YNA,0.004998161,0.001025015,0.006234943,0.003972339,0,0,0.015546106,0.017076856,2.30E-02,0,0.011777437,0.011777437,0.017990392,0.023243456,0.004605902,0.014948788,1.62E-02,0.001343188,0.015632883,0.062752079,0.009893993,0.00701565,0.015348192,0.000139919,0.468415504
3720000,6310000,Ulsan,Ulsan Buk-gu,Buk-gu,YNA,0.004934352,0.00370398,0.011865698,0.006449171,4.94E-05,0,0.021156457,0.023154967,9.23E-03,0,6.98E-02,0.069796411,0.083644282,0.062039819,0.075996046,0.077911773,0.031030855,0.033070622,0.013298806,0.079969959,0.009893993,0.012412304,0.014205241,0.006207819,0.007877324
3730000,6310000,Ulsan,Ulsan Ulju-gun,Ulju-gun,YNA,0.036149013,0.030260263,0.035615782,0.027781518,0.001875822,0,0.022028083,0.02817958,2.75E-02,0.139580389,3.26E-01,0.326245061,0.408743594,0.283855419,0.356980981,0.36614542,1.51E-01,0.109726807,0.017331554,0.076465189,0.028975265,0.006475985,0.025716385,0.001135355,0.042277434
3740000,6410000,Gyeonggi-do,Gyeonggi-do Suwon-si,Suwon-si,MPA,0.1108888,0.069517726,0.133257445,0.078581523,0.013378951,0,0.12266658,0.122223339,0.00E+00,0.01776294,1.63E-02,0.016313511,0.064008131,0.168039384,0.042392513,0.116113201,1.51E-01,0.00101333,0.081357404,0.089788879,0.056537102,0.028062601,0.067270798,0.000871036,0.084249704
3780000,6410000,Gyeonggi-do,Gyeonggi-do Seongnam-si,Seongnam-si,MPA,0.105016104,0.071314688,0.127833171,0.078423693,0.019403055,0,0.096745166,0.087832665,0.00E+00,0.006933387,4.33E-02,0.043290888,0.075139403,0.172991091,0.020524011,0.114903039,9.96E-02,0.00055925,0.098899695,0.086590081,0.027561837,0.050188883,0.078700302,0.001243284,0.033544321
3820000,6410000,Gyeonggi-do,Gyeonggi-do Uijeongbu-si,Uijeongbu-si,MPA,0.070696743,0.043120161,0.050217113,0.025807241,0.00453199,0,0.046167749,0.049008064,0.00E+00,0.004670751,2.95E-02,0.029506505,0.042610511,0.070518172,0.01438403,0.053322661,0.051644588,0.009515299,0.052419329,0.059664543,0.03745583,0.05990286,0.035513103,0.00051941,0.025688215
3830000,6410000,Gyeonggi-do,Gyeonggi-do Anyang-si,Anyang-si,MPA,0.066269608,0.03033969,0.059541933,0.034515434,0.00724071,0,0.057350403,0.057421651,0.00E+00,0.000949322,1.88E-02,0.018830058,0.030124039,0.058477874,0.002286721,0.040307755,5.85E-02,0,0.029994955,0.035131151,0.012720848,0.073934161,0.048248837,0.00094307,0.031817872
3860000,6410000,Gyeonggi-do,Gyeonggi-do Bucheon-si,Bucheon-si,MPA,0.097722085,0.039116338,0.087243132,0.048723938,0.010184801,0,0.084320052,0.087306896,0.00E+00,0.008673302,6.01E-03,0.006008254,0.027401594,0.098138563,0.015453794,0.055770453,0.068667244,0.000211072,0.050216165,0.065728352,0.012014134,0.01996762,0.066780962,0.001183698,0.048027305
3900000,6410000,Gyeonggi-do,Gyeonggi-do Gwangmyeong-si,Gwangmyeong-si,MPA,0.038673466,0.009400434,0.030702036,0.020376703,0.002428968,0,0.031074113,0.032493146,0.00E+00,0.007208412,9.26E-03,0.00926089,0.019324327,0.04088973,0.010286428,0.033653162,0.032016982,0.000867964,0.024030448,0.031236961,0.00565371,0.016189962,0.026532778,0.000620464,0.017089121
3910000,6410000,Gyeonggi-do,Gyeonggi-do Pyeongtaek-si,Pyeongtaek-si,MPA,0.177695792,0.063838724,0.085019564,0.047740463,0.015428892,0,0.053779737,0.069893629,2.74E-02,0.301133838,4.88E-02,0.048833581,0.246505767,0.33028518,0.676766637,0.462708714,0.131743368,0.009069479,0.063553288,0.062529554,0.03180212,0.008094981,0.089803249,0.010437992,0.146111661
3920000,6410000,Gyeonggi-do,Gyeonggi-do Dongducheon-si,Dongducheon-si,MPA,0.025789685,0.012739657,0.014248022,0.007167818,0,0,0.008828559,0.011670572,0.00E+00,0.00655887,3.96E-02,0.039566399,0.050253641,0.024499285,0.011146199,0.032871394,0.057845063,0.002818767,0.013624492,0.013935635,0.001413428,0.033459255,0.018287207,0.002767707,0.008676604
3930000,6410000,Gyeonggi-do,Gyeonggi-do Ansan-si,Ansan-si,MPA,0.279916472,0.033323695,0.082380541,0.053700793,0.015333598,0,0.067042627,0.068420525,4.73E-02,0.034269069,3.90E-02,0.039037924,0.082839681,0.186789537,0.050146275,0.153313712,0.186064306,0.001156686,0.062292056,0.060582459,0.04664311,0.022126282,0.078455384,0.002293816,0.099767066
3940000,6410000,Gyeonggi-do,Gyeonggi-do Goyang-si,Goyang-si,MPA,0.188726884,0.050636468,0.110414659,0.056248545,0.021477158,0,0.109344297,0.10619362,0.00E+00,0.061589556,5.81E-02,0.058107054,0.143587736,0.21996991,0.137428499,0.299410897,0.248018295,0.022227202,0.083155058,0.07741092,0.04664311,0.069616838,0.08735407,0.004900294,0.288911388
3970000,6410000,Gyeonggi-do,Gyeonggi-do Gwacheon-si,Gwacheon-si,MPA,0.009101945,0.004911857,0.013428783,0.005501616,0.002588861,0,0.00573912,0.003482191,0.00E+00,0.003618904,1.46E-02,0.014640008,0.017886096,0.016984102,0.009234192,0.014267753,0.000769973,0.000175848,0.006210367,0.008149982,0,0.060442526,0.006939342,0.000400827,0.009493321
3980000,6410000,Gyeonggi-do,Gyeonggi-do Guri-si,Guri-si,MPA,0.06789021,0.008616305,0.019354471,0.010368724,0.00305445,0,0.019422426,0.018377241,0.00E+00,0.004794779,8.08E-03,0.008078114,0.016508067,0.033141807,0.005328654,0.043424893,1.40E-02,0.000194625,0.017213413,0.021445857,0.002120141,0.029141932,0.019021961,0.001311194,0.008935768
3990000,6410000,Gyeonggi-do,Gyeonggi-do Namyangju-si,Namyangju-si,MPA,0.083424032,0.048237326,0.077381548,0.041175013,0.009059867,0,0.072140526,0.075654023,0.00E+00,0.043721372,1.94E-01,0.193912475,0.246451004,0.172258547,0.123349373,0.251056507,0.224536428,0.034239296,0.07674034,0.068398654,0.002120141,0.073394495,0.068577027,0.005952445,0.231180536
4000000,6410000,Gyeonggi-do,Gyeonggi-do Osan-si,Osan-si,MPA,0.054571514,0.016510876,0.02303714,0.011226307,0.002160919,0,0.022332166,0.024446293,0.00E+00,0.007343922,6.76E-03,0.006756927,0.021591235,0.052016019,0.02507033,0.037911193,0.037827398,0.000302446,0.028564495,0.029178604,0.022614841,0.009174312,0.021716058,0.000522945,0.04762169
4010000,6410000,Gyeonggi-do,Gyeonggi-do Siheung-si,Siheung-si,MPA,0.08865567,0.030573205,0.063473738,0.034811946,0.009207292,0,0.048556212,0.051577708,1.19E-02,0.040391014,2.61E-02,0.026146916,0.073634133,0.201087648,0.064270239,0.157236343,0.080142683,0.003586741,0.042444426,0.053684181,0.021908127,0.01295197,0.067189158,0.014527499,0.162788384
4020000,6410000,Gyeonggi-do,Gyeonggi-do Gunpo-si,Gunpo-si,MPA,0.030291662,0.013450993,0.025882093,0.01547695,0.00451063,0,0.027393624,0.027941815,0.00E+00,0.003296401,1.05E-02,0.010462541,0.018182478,0.036430433,0.005637268,0.026314179,0.050653068,0.001921581,0.015457268,0.018719924,0.021201413,0.022665947,0.021797698,0.000638067,0.021340173
4030000,6410000,Gyeonggi-do,Gyeonggi-do Uiwang-si,Uiwang-si,MPA,0.023177584,0.011885831,0.014370079,0.008500822,0.002354907,0,0.015575604,0.0158473,0.00E+00,0.006897716,2.13E-02,0.021340313,0.027703963,0.046960785,0.008624785,0.045822431,0.054977903,0.000298791,0.013525509,0.013796556,0.008480565,0.017269293,0.016899339,0.000284968,0.00606836
4040000,6410000,Gyeonggi-do,Gyeonggi-do Hanam-si,Hanam-si,MPA,0.033348035,0.017856771,0.026457678,0.012888428,0.013225878,0,0.028368425,0.02518792,0.00E+00,0.005268085,3.03E-02,0.030261469,0.048807771,0.055489204,0.021489271,0.092463062,3.01E-02,0.001541194,0.016373657,0.022697561,0.003533569,0.035078251,0.030941301,0.001369823,0.034786985
4050000,6410000,Gyeonggi-do,Gyeonggi-do Yongin-si,Yongin-si,MPA,0.416683494,0.105621805,0.117153137,0.067508306,0.027883665,0,0.10827083,0.111632925,0.00E+00,0.119967065,1.88E-01,0.188162166,0.318530317,0.256720585,0.295598243,0.28448221,0.764513907,0.06091172,0.089697496,0.067814525,0.018374558,0.029681597,0.072822271,0.005261715,0.225188045
4060000,6410000,Gyeonggi-do,Gyeonggi-do Paju-si,Paju-si,MPA,0.139528369,0.030894997,0.064084557,0.032945516,0.002640473,0,0.047175312,0.052330867,0.00E+00,0.181207496,1.70E-01,0.169533432,0.363017769,0.27473631,0.478619335,0.494316962,2.26E-01,0.053033182,0.059102259,0.038357765,0.013427562,0.023205613,0.065556372,0.014479477,0.377463729
4070000,6410000,Gyeonggi-do,Gyeonggi-do Icheon-si,Icheon-si,MPA,0.075297641,0.04087998,0.043517384,0.021890909,0.00079291,0,0.021607235,0.026513649,0.00E+00,0.276523695,1.04E-01,0.10355588,0.24824539,0.263241034,0.460295539,0.287376647,2.87E-01,0.153516224,0.03240247,0.013880003,0.009893993,0.005936319,0.047432443,0.003399809,0.068443342
4080000,6410000,Gyeonggi-do,Gyeonggi-do Anseong-si,Anseong-si,MPA,0.066776464,0.02120964,0.037084417,0.022669689,0.001996413,0,0.018285938,0.02548116,0.00E+00,0.247871274,1.49E-01,0.149174573,0.298044481,0.24931266,0.488489075,0.313491353,0.26954188,0.269991647,0.031304081,0.015827098,0.004240283,0.008634647,0.059596702,0.031429318,0.223990673
4090000,6410000,Gyeonggi-do,Gyeonggi-do Gimpo-si,Gimpo-si,MPA,0.099520526,0.056558859,0.05651423,0.034477033,0.026904884,0,0.045609133,0.048347063,1.49E-02,0.120118019,4.22E-02,0.04224023,0.148197845,0.188266424,0.268766617,0.345643153,6.73E-02,0.016819619,0.046135523,0.043420211,0.004946996,0.00701565,0.072005878,0.005226582,0.130471336
4140000,6410000,Gyeonggi-do,Gyeonggi-do Yeoncheon-gun,Yeoncheon-gun,MPA,0.026796793,0.014057586,0.018390533,0.009268329,0.000819747,0,0.003554673,0.005371849,0.00E+00,0.138857821,2.32E-01,0.232491129,0.364552859,0.123445087,0.233908876,0.293004706,7.40E-02,0.342329601,0.017149553,0.006898278,0,0.021586616,0.0191036,0.288806735,0.047867843
4160000,6410000,Gyeonggi-do,Gyeonggi-do Gapyeong-gun,Gapyeong-gun,MPA,0.03413033,0.00520071,0.017637673,0.010628088,0.001473229,0,0.005504689,0.009251419,0.00E+00,0.051135153,4.30E-01,0.429901603,0.455109251,0.116523042,0.118219279,0.270779862,1.31E-01,0.143161058,0.02308213,0.022363773,0.003533569,0.092282785,0.023022288,0.004736487,0.016106215
4170000,6410000,Gyeonggi-do,Gyeonggi-do Yangpyeong-gun,Yangpyeong-gun,MPA,0.062810623,0.011050662,0.02673243,0.015270012,0.004181873,0,0.01129619,0.017949379,0.00E+00,0.131468493,3.86E-01,0.385912374,0.473580989,0.221921008,0.290862903,0.387178319,1.33E-01,0.044824357,0.036208515,0.011376596,0.007773852,0.046411225,0.037309168,0.006285805,0.038591418
4180000,6420000,Gangwon-do,Gangwon-do Chuncheon-si,Chuncheon-si,GWA,0.021567156,0.022930795,0.053465624,0.032435796,0.007870893,0,0.028325473,0.034975997,0.00E+00,0.10661227,5.02E-01,0.501522511,0.602780129,0.245930491,0.151166086,0.686426489,3.09E-01,0.050511269,0.030180149,0.027593113,0.024028269,0.075553157,0.050534738,0.008444244,0.029613407
4190000,6420000,Gangwon-do,Gangwon-do Wonju-si,Wonju-si,GWA,0.021066013,0.032843412,0.060298525,0.033924187,0.002695822,0,0.035425286,0.046725717,0.00E+00,0.133554553,3.82E-01,0.381911065,0.468460488,0.309465266,0.258136672,0.370312864,2.34E-01,0.011787872,0.033947878,0.023170426,0.010600707,0.057204533,0.049391787,0.003475746,0.080725403
4200000,6420000,Gangwon-do,Gangwon-do Gangneung-si,Gangneung-si,GWA,0.024036354,0.017223399,0.044934135,0.028121739,0.002829152,0,0.021098618,0.03064001,3.96E-02,0.120977648,5.20E-01,0.520006543,0.561843014,0.27392989,0.220941266,0.328046035,0.14879167,0.143676294,0.025818523,0.014853551,0.009187279,0.030221263,0.043595396,0.52730987,0.899768686
4210000,6420000,Gangwon-do,Gangwon-do Donghae-si,Donghae-si,GWA,0.013795634,0.005750358,0.013326444,7.19E-03,0.001054272,0,0.008434601,0.012979309,2.17E-02,0.01481512,8.58E-02,0.085782772,0.096027048,0.074253005,0.019341667,0.070869899,4.59E-02,0.042201312,0.01363407,0.012211065,0.01130742,0.042633567,0.016082946,0.00047124,0.019880411
4220000,6420000,Gangwon-do,Gangwon-do Taebaek-si,Taebaek-si,GWA,0.013494504,0.003511035,0.008999444,0.006344709,1.13E-05,0,0.003475505,0.006259309,0.00E+00,0.016363819,1.68E-01,0.168061253,0.162754843,0.040885268,0.000165924,0.054351996,0.063949761,0.010478383,0.009780131,0.008984451,0.001413428,0.05990286,0.009796718,0.000232748,0.002821608
4230000,6420000,Gangwon-do,Gangwon-do Sokcho-si,Sokcho-si,GWA,0.03995037,0.006656183,0.011856092,0.007019418,0.001149246,0,0.00755826,0.01160726,1.54E-02,0.009381955,5.01E-02,0.050060397,0.055716134,0.039399925,0.018721998,0.04025526,4.11E-02,0.063270988,0.008480583,0.011181886,0.007773852,0.021046951,0.016246224,0.000896299,0.005754224
4240000,6420000,Gangwon-do,Gangwon-do Samcheok-si,Samcheok-si,GWA,0.02868847,0.010898328,0.024233737,0.014409642,0.001401594,0,0.005869063,0.010597127,6.34E-02,0.069964952,6.43E-01,0.642782545,0.641278879,0.201959614,0.066847366,0.280495992,1.44E-01,0.354248101,0.01463667,0.012544853,0.012014134,0.03291959,0.017879011,0.058331402,0.038535915
4250000,6420000,Gangwon-do,Gangwon-do Hongcheon-gun,Hongcheon-gun,GWA,0.07058557,0.00981256,0.022464881,0.014013876,0.000953376,0,0.006194233,0.011153894,0.00E+00,0.190605098,9.33E-01,0.933185696,0.983825037,0.242961176,0.248478569,0.435730287,2.24E-01,0.079288459,0.016676991,0.011320965,0.002120141,0.040474906,0.025798024,0.003633366,0.021287252
4260000,6420000,Gangwon-do,Gangwon-do Hoengseong-gun,Hoengseong-gun,GWA,0.075373845,0.004559459,0.014825079,0.008498678,0.000259883,0,0.0038462,0.007254313,0.00E+00,0.153451095,4.53E-01,0.453318066,0.538726203,0.242901447,0.206553295,0.336093411,1.66E-01,0.009605009,0.012075891,0.005090262,0.002120141,0.023205613,0.016001306,0.002507339,0.034690848
4270000,6420000,Gangwon-do,Gangwon-do Yeongwol-gun,Yeongwol-gun,GWA,0.037248379,0.003448899,0.013191968,0.00734324,0.002725969,0,0.003054363,0.006083025,0.00E+00,0.103207768,5.64E-01,0.564272592,0.608737513,0.153836505,0.062481121,0.300045271,4.83E-02,0.039720636,0.011063713,0.0058691,0.001413428,0.018348624,0.011837701,0.001690661,0.014216812
4280000,6420000,Gangwon-do,Gangwon-do Pyeongchang-gun,Pyeongchang-gun,GWA,0.036067774,0.004608525,0.016410871,0.01256149,0.000142976,0,0.003369671,0.007495804,0.00E+00,0.160500597,7.49E-01,0.749226162,0.790919123,0.217803901,0.06848112,0.344916756,1.92E-01,0.072419085,0.013796913,0.008873189,0,0.042093902,0.015348192,0.002121023,0.059709472
4290000,6420000,Gangwon-do,Gangwon-do Jeongseon-gun,Jeongseon-gun,GWA,0.04632208,0.004269376,0.014483388,0.011044757,0.001556541,0,0.002836789,0.005682884,0.00E+00,0.120773162,6.28E-01,0.627790221,0.658761868,0.137162848,0.034105859,0.300771652,1.23E-01,0.016208048,0.011568205,0.006091625,0.001413428,0.056664868,0.01191934,0.002395532,0.004374748
4300000,6420000,Gangwon-do,Gangwon-do Cheorwon-gun,Cheorwon-gun,GWA,0.051273501,0.006939169,0.015344767,0.009130254,0.000456908,0,0.003680575,0.00544952,0.00E+00,0.21306653,4.02E-01,0.401980522,0.480017975,0.145641927,0.536535589,0.283410663,5.35E-02,0.575994985,0.011469223,0.007677116,0.001413428,0.028602267,0.01918524,0.005124129,0.0143947
4310000,6420000,Gangwon-do,Gangwon-do Hwacheon-gun,Hwacheon-gun,GWA,0.005039462,0.002253292,0.00870215,4.66E-03,0.001058095,0,0.001590599,0.002720295,0.00E+00,0.051521834,5.01E-01,0.501050658,0.490495648,0.114702325,0.074422856,0.310422477,9.19E-03,0.111370129,0.001717829,0.000973547,0,0.004317323,0.000979672,0.000630923,0.000327107
4320000,6420000,Gangwon-do,Gangwon-do Yanggu-gun,Yanggu-gun,GWA,0.027817706,0.002291825,0.008687697,0.006110747,0,0,0.00136527,0.002059422,0.00E+00,0.076683321,3.63E-01,0.363036968,0.35675189,0.101441626,0.109982675,0.21579796,1.03E-02,0.113194955,0.001966882,0.000584128,0,0.001618996,0.00122459,0.000283422,0.001225156
4330000,6420000,Gangwon-do,Gangwon-do Inje-gun,Inje-gun,GWA,0.027187176,0.006729987,0.015220091,8.16E-03,0.000598993,0,0.002350364,0.003852812,0.00E+00,0.062377969,1.00E+00,1,0.889190918,0.175741971,0.065777552,0.412545899,4.18E-02,0.197829384,0.011849189,0.009485133,0.000706714,0.084727469,0.012980651,0.025909076,0.009460339
4340000,6420000,Gangwon-do,Gangwon-do Goseong-gun,Goseong-gun,GWA,0.057361511,0.002394233,0.010075448,0.006010409,1.01E-05,0,0.001905786,0.003906487,5.21E-02,0.067266173,3.27E-01,0.326748371,0.356158842,0.112401559,0.164644005,0.197892177,1.21E-01,0.1334962,0.006813842,0.003643849,0,0.008634647,0.011592783,1,1
4350000,6420000,Gangwon-do,Gangwon-do Yangyang-gun,Yangyang-gun,GWA,0.026507199,0.004184448,0.007444175,0.004524611,0.000685738,0,0.001893559,0.004256679,3.16E-02,0.050043421,3.27E-01,0.327320885,0.339488639,0.161924822,0.118552664,0.199096443,0.055322675,0.212714795,0.007966512,0.006202887,0.000706714,0.019427955,0.012572455,0.12166614,0.026608705
4390000,6430000,Chungcheongbuk-do,Chungcheongbuk-do Chungju-si,Chungju-si,CCA,0.043080461,0.025377364,0.047138549,0.025553142,0.003954645,0,0.020742154,0.032315352,0.00E+00,0.231811004,3.85E-01,0.384597478,0.530867709,0.429992812,0.412917138,0.686959794,2.13E-01,0.841550804,0.020438334,0.017273511,0.00565371,0.020507285,0.032737366,0.003280562,0.083996172
4400000,6430000,Chungcheongbuk-do,Chungcheongbuk-do Jecheon-si,Jecheon-si,CCA,0.027447602,0.015146876,0.034679872,0.02011809,0.001429178,0,0.012878085,0.020238151,0.00E+00,0.158731863,4.05E-01,0.404962629,0.476607644,0.258012105,0.16448488,0.485658037,1.41E-01,0.660788733,0.014489792,0.013295875,0.007773852,0.020507285,0.017879011,0.000848424,0.061769272
4420000,6430000,Chungcheongbuk-do,Chungcheongbuk-do Boeun-gun,Boeun-gun,CCA,0.025819631,0.003039269,0.01247427,0.007489553,0.000159094,0,0.002418963,0.005489576,0.00E+00,0.145790006,2.46E-01,0.245765911,0.314701748,0.168840396,0.26626962,0.289165751,0.038854018,0.035084179,0.007774932,0.008122166,0.000706714,0.028062601,0.011756062,0.000903444,0.011920274
4430000,6430000,Chungcheongbuk-do,Chungcheongbuk-do Okcheon-gun,Okcheon-gun,CCA,0.05166493,0.005461258,0.014509722,0.008455769,0.000156744,0,0.004283611,0.00785939,0.00E+00,0.122915171,2.17E-01,0.216618013,0.289274789,0.175115722,0.205228603,0.369804011,6.40E-02,0.029163535,0.008247495,0.010959361,0.012720848,0.014570966,0.014450159,0.000555574,0.016902197
4440000,6430000,Chungcheongbuk-do,Chungcheongbuk-do Yeongdong-gun,Yeongdong-gun,CCA,0.103632811,0.00404308,0.016331233,0.009635991,0.000646817,0,0.003981428,0.007876254,0.00E+00,0.148551322,4.02E-01,0.401842112,0.456491605,0.199185797,0.261441825,0.319611147,0.090988138,0.093274984,0.011149924,0.009791105,0.000706714,0.01996762,0.012899012,0.0008155,0.010621157
4450000,6430000,Chungcheongbuk-do,Chungcheongbuk-do Jincheon-gun,Jincheon-gun,CCA,0.013375122,0.003676638,0.016229412,0.008832511,0.002660043,0,0.00745493,0.012090725,0.00E+00,0.127820479,1.48E-01,0.148016962,0.218938746,0.170717114,0.262691822,0.242438415,0.162188856,0.08457701,0.009179848,0.017440405,0.004240283,0.011872639,0.018368846,0.002124853,0.061771469
4460000,6430000,Chungcheongbuk-do,Chungcheongbuk-do Goesan-gun,Goesan-gun,CCA,0.092615168,0.004131143,0.015586693,0.007727801,0.001701537,0,0.003031946,0.006297341,0.00E+00,0.183185163,4.00E-01,0.400483177,0.454328523,0.224987892,0.264380662,0.299598605,0.03295483,0.16797874,0.00891483,0.011766015,0.008480565,0.036697248,0.01436852,0.001296684,0.025766763
4470000,6430000,Chungcheongbuk-do,Chungcheongbuk-do Eumseong-gun,Eumseong-gun,CCA,0.027795026,0.006995985,0.023505447,0.013302596,0.006621654,0,0.0087935,0.01486023,0.00E+00,0.210549791,1.53E-01,0.153370914,0.280049296,0.255450713,0.358058427,0.290884403,1.22E-01,0.278541413,0.011667188,0.012572668,0.000706714,0.028602267,0.035758021,0.002710257,0.047412985
4480000,6430000,Chungcheongbuk-do,Chungcheongbuk-do Danyang-gun,Danyang-gun,CCA,0.01925936,0.005259847,0.010517769,0.006212927,0.000728016,0,0.00205718,0.00456691,0.00E+00,0.083708642,3.93E-01,0.393480887,0.4209868,0.156538406,0.060325944,0.2449802,8.51E-02,0.368951203,0.00826346,0.008010904,0,0.073934161,0.007265899,0.001063273,0.016231376
4490000,6440000,Chungcheongnam-do,Chungcheongnam-do Cheonan-si,Cheonan-si,CCA,0.093876007,0.047226053,0.086615975,0.049306717,0.004401091,0,0.066463114,0.079771646,0.00E+00,0.22141048,2.03E-01,0.20319853,0.342787335,0.299817414,0.479264902,0.330684464,3.01E-01,0.431532898,0.053112208,0.039748547,0.065724382,0.030760928,0.063270471,0.003451588,0.053033077
4500000,6440000,Chungcheongnam-do,Chungcheongnam-do Gongju-si,Gongju-si,CCA,0.042006732,0.009996971,0.03187077,0.016823965,0.00060841,0,0.00995446,0.016721943,0.00E+00,0.178097664,3.80E-01,0.379570677,0.466250924,0.204071396,0.448245706,0.363942947,0.085053116,0.032620828,0.02038086,0.031654196,0.007067138,0.051268214,0.030696383,0.005800497,0.027573965
4510000,6440000,Chungcheongnam-do,Chungcheongnam-do Boryeong-si,Boryeong-si,CCA,0.066684531,0.007749203,0.032030083,0.018278442,0.002587188,0,0.009425083,0.016171247,1.40E-01,0.217515575,2.11E-01,0.211087903,0.313315772,0.240973568,0.45245318,0.376462243,0.076232269,0.01475089,0.012404769,0.019025896,0.006360424,0.010793308,0.025389828,0.002250286,0.040391032
4520000,6440000,Chungcheongnam-do,Chungcheongnam-do Asan-si,Asan-si,CCA,0.122892495,0.022670424,0.053361437,3.04E-02,0.001679673,0,0.032080951,0.042239336,3.89E-03,0.253341041,1.16E-01,0.116075698,0.292273356,0.235275248,0.580861557,0.415098768,0.178926347,0.206234973,0.030537764,0.022808823,0.009893993,0.022665947,0.040248184,0.003690448,0.043519455
4530000,6440000,Chungcheongnam-do,Chungcheongnam-do Seosan-si,Seosan-si,CCA,0.079139839,0.010328771,0.037424137,0.022618103,8.85E-05,0,0.017146446,0.025389677,7.45E-02,0.448873225,1.87E-01,0.187130382,0.400007655,0.284270603,0.842343452,0.568194891,0.069655849,0.025221141,0.01597134,0.018191427,0.030388693,0.014570966,0.025961303,0.001433239,0.014212475
4540000,6440000,Chungcheongnam-do,Chungcheongnam-do Nonsan-si,Nonsan-si,CCA,0.008051606,0.01110468,0.032402042,0.019228349,0.000860585,0,0.011203793,0.018728525,0.00E+00,0.315291182,1.42E-01,0.141895463,0.299192436,0.239934704,0.65667295,0.390819477,1.09E-01,0.020151273,0.01624913,0.009735473,0.002120141,0.003777658,0.03224753,0.005151455,0.019315052
4550000,6440000,Chungcheongnam-do,Chungcheongnam-do Geumsan-gun,Geumsan-gun,CCA,0.040012391,0.004243773,0.015211121,0.008321207,0.000487674,0,0.004403831,0.0086439,0.00E+00,0.12480792,2.55E-01,0.255423157,0.310913172,0.151862545,0.247357889,0.224469147,0.053960873,0.152779152,0.01447702,0.012183249,0.007773852,0.010253643,0.020409829,0.002514852,0.01577733
4570000,6440000,Chungcheongnam-do,Chungcheongnam-do Buyeo-gun,Buyeo-gun,CCA,0.039361402,0.004122521,0.026771553,1.38E-02,0.001102597,0,0.005854901,0.011724151,0.00E+00,0.2701875,1.99E-01,0.199385963,0.336551332,0.218496538,0.644107359,0.447304113,0.074781432,0.00660822,0.012481401,0.013852188,0.002120141,0.011332974,0.01918524,0.001305596,0.011502324
4580000,6440000,Chungcheongnam-do,Chungcheongnam-do Seocheon-gun,Seocheon-gun,CCA,0.015563648,0.006548348,0.016936736,0.010796798,0,0,0.00445775,0.00971137,5.63E-02,0.221767538,9.34E-02,0.093370159,0.196612879,0.196377757,0.471365169,0.286631045,6.02E-02,0.002352946,0.009671569,0.008539401,0.004240283,0.008094981,0.020573108,0.002436484,0.022218243
4590000,6440000,Chungcheongnam-do,Chungcheongnam-do Cheongyang-gun,Cheongyang-gun,CCA,0.025688195,0.001014039,0.011070621,0.007270794,4.67E-05,0,0.002282128,0.004987127,0.00E+00,0.140662033,1.92E-01,0.191672748,0.257814269,0.161136329,0.306970225,0.216088739,0.020894444,0.002545963,0.007972898,0.007565854,0.002826855,0.010253643,0.015266552,0.002220677,0.023532117
4600000,6440000,Chungcheongnam-do,Chungcheongnam-do Hongseong-gun,Hongseong-gun,CCA,0.023385751,0.006890079,0.022426596,0.013867534,0.000132464,0,0.009398711,0.015850994,1.28E-02,0.227008893,1.18E-01,0.118491582,0.239572521,0.201973154,0.436961521,0.293845736,0.072686293,0.034182416,0.010961537,0.012377959,0.008480565,0.016729628,0.022532452,0.002047368,0.020300146
4610000,6440000,Chungcheongnam-do,Chungcheongnam-do Yesan-gun,Yesan-gun,CCA,0.075935178,0.007154078,0.024683801,1.45E-02,0.001084356,0,0.00717703,0.013389728,0.00E+00,0.310870895,1.46E-01,0.146116969,0.29221583,0.252430346,0.571609689,0.407383088,0.068759486,0.185806984,0.012628278,0.012211065,0.023321555,0.01295197,0.01551147,0.000917217,0.01533628
4620000,6440000,Chungcheongnam-do,Chungcheongnam-do Taean-gun,Taean-gun,CCA,0.040262213,0.004840438,0.01946955,0.012353732,2.18E-05,0,0.005502807,0.010410179,2.79E-01,0.241499605,1.37E-01,0.136572967,0.277728498,0.185180331,0.48529096,0.341417802,0.100731499,0.023434655,0.012107821,0.01396345,0.003533569,0.005396654,0.017307535,0.002527447,0.019300553
4640000,6450000,Jeollabuk-do,Jeollabuk-do Jeonju-si,Jeonju-si,HNA,0.122579929,0.04074422,0.086944603,0.052003439,0.008653539,0,0.066738199,0.079574226,0.00E+00,0.084208667,3.84E-02,0.038433953,0.109943067,0.201163063,0.164298056,0.191247588,0.196399493,0.000296141,0.078659327,0.060109594,0.185159011,0.061521856,0.071842599,0.002518535,0.050484174
4670000,6450000,Jeollabuk-do,Jeollabuk-do Gunsan-si,Gunsan-si,HNA,0.087033738,0.021451098,0.055288842,0.0302936,0.000131176,0,0.026890896,0.039892232,1.42E-01,0.238523181,5.03E-02,0.05030576,0.213286161,0.2677472,0.572419042,0.482320298,0.183945035,0.028917722,0.039200347,0.026091068,0.053003534,0.023745278,0.045881296,0.001254627,0.025638625
4680000,6450000,Jeollabuk-do,Jeollabuk-do Iksan-si,Iksan-si,HNA,0.055480666,0.018440703,0.058339791,0.033640538,0.000371315,0,0.028664632,0.041634997,0.00E+00,0.391706897,7.46E-02,0.074552684,0.272668822,0.352275672,0.864226359,0.454220229,0.157652387,0.004214741,0.034672687,0.025256599,0.013427562,0.011872639,0.042860642,0.0059467,0.019652611
4690000,6450000,Jeollabuk-do,Jeollabuk-do Jeongeup-si,Jeongeup-si,HNA,0.027982976,0.014765957,0.034567411,0.021423928,2.61E-05,0,0.01036574,0.01811426,0.00E+00,0.378708325,2.02E-01,0.202217077,0.373604782,0.31966844,0.756595814,0.461808697,1.25E-01,0.016070933,0.020368088,0.012906456,0.004240283,0.017269293,0.030206547,0.001986604,0.020416287
4700000,6450000,Jeollabuk-do,Jeollabuk-do Namwon-si,Namwon-si,HNA,0.032838369,0.009894317,0.03108963,0.017918507,0.001143173,0,0.007408248,0.012930387,0.00E+00,0.249872144,2.93E-01,0.293202808,0.405643777,0.336249604,0.55493107,0.416333753,0.112645387,0.495216419,0.018503381,0.017802008,0.004240283,0.051807879,0.026124582,0.003643236,0.010194517
4710000,6450000,Jeollabuk-do,Jeollabuk-do Gimje-si,Gimje-si,HNA,0.032081531,0.00832972,0.032548803,0.019570959,0.005215163,0,0.007678583,0.014754903,4.18E-02,0.450591115,5.69E-02,0.056905403,0.293950106,0.318940458,0.951438288,0.618573488,0.095007841,0.016009933,0.015540286,0.012044171,0.00565371,0.001618996,0.028900318,0.002442008,0.035593507
4720000,6450000,Jeollabuk-do,Jeollabuk-do Wanju-gun,Wanju-gun,HNA,0.059226795,0.005816227,0.024845894,0.015426381,0.000495721,0,0.008660275,0.014005181,0.00E+00,0.192553573,3.69E-01,0.368623701,0.44292844,0.273455911,0.351083116,0.382090068,7.39E-02,0.098361856,0.008930795,0.004645212,0.002120141,0.014031301,0.024083599,0.002163006,0.024405448
4730000,6450000,Jeollabuk-do,Jeollabuk-do Jinan-gun,Jinan-gun,HNA,0.087195067,0.002371592,0.011857892,7.52E-03,0.001370704,0,0.001666572,0.003527515,0.00E+00,0.121720577,3.74E-01,0.373744873,0.425602128,0.191236173,0.204013337,0.420103065,3.62E-02,0.113597281,0,0,0,0,0,0,0
4740000,6450000,Jeollabuk-do,Jeollabuk-do Muju-gun,Muju-gun,HNA,0.020898442,0.003118355,0.009712,0.005920644,4.29E-05,0,0.001530342,0.003617102,0.00E+00,0.088868702,3.24E-01,0.324301029,0.340484239,0.154275491,0.136024087,0.203119338,6.50E-02,0.116223835,0,0,0,0,0,0,0
4750000,6450000,Jeollabuk-do,Jeollabuk-do Jangsu-gun,Jangsu-gun,HNA,0.024540083,0.000738508,0.009713327,0.005705711,0.000724681,0,0.001337033,0.002993587,0.00E+00,0.116719307,2.51E-01,0.251421849,0.287103217,0.178523953,0.222182802,0.200673652,0.036115189,0.199113938,0,0,0,0,0,0,0
4760000,6450000,Jeollabuk-do,Jeollabuk-do Imsil-gun,Imsil-gun,HNA,0.003631197,0.002896629,0.011977696,0.007190241,0.001024513,0,0.001957166,0.004449088,0.00E+00,0.12626789,2.59E-01,0.259449631,0.321774316,0.206219133,0.261312257,0.358348498,0.045205307,0.036737671,0,0,0,0,0,0,0
4770000,6450000,Jeollabuk-do,Jeollabuk-do Sunchang-gun,Sunchang-gun,HNA,0.032251855,0.002394795,0.011291333,0.006588688,0.002469572,0,0.001939775,0.004523642,0.00E+00,0.163719325,2.06E-01,0.206432292,0.266881839,0.179051306,0.315437497,0.245438263,0.02669814,0.111108884,0,0,0,0,0.004326884,0.00024166,0.003232365
4780000,6450000,Jeollabuk-do,Jeollabuk-do Gochang-gun,Gochang-gun,HNA,0.05594407,0.004065279,0.022968536,0.013970085,0.001011142,0,0.004782315,0.009824663,5.55E-03,0.407414812,1.44E-01,0.143845786,0.327329861,0.322696341,0.61511998,0.412668424,0.08498738,0.051129154,0.011762978,0.010375233,0.002826855,0.011332974,0.022859009,0.002749147,0.021758001
4790000,6450000,Jeollabuk-do,Jeollabuk-do Buan-gun,Buan-gun,HNA,0.082900746,0.005283106,0.020641267,0.012876258,8.25E-05,0,0.00449875,0.00916697,9.08E-02,0.307989016,1.29E-01,0.129457433,0.265635442,0.259737455,0.61594557,0.404870555,0.029641949,0.008856132,0.011724662,0.010569942,0.001413428,0.01996762,0.022042616,0.001241222,0.00823635
4800000,6460000,Jeollanam-do,Jeollanam-do Mokpo-si,Mokpo-si,HNA,0.011901938,0.014079717,0.035659968,0.020559152,0.010569657,0,0.022447809,0.031628461,4.22E-02,0.008560488,6.99E-03,0.006989707,0.026419541,0.070345957,0.008530966,0.052700595,0.062121658,0.003576142,0.023471675,0.022753192,0.006360424,0.011872639,0.025961303,0.000386464,0.013162552
4810000,6460000,Jeollanam-do,Jeollanam-do Yeosu-si,Yeosu-si,HNA,0.090388978,0.030373093,0.056143102,0.031588489,0.002917163,0,0.028114237,0.040828195,5.22E-01,0.121195644,1.91E-01,0.19080454,0.275377712,0.246980069,0.172200781,0.189061052,0.186435471,0.009968383,0.030183342,0.032544296,0.01130742,0.023745278,0.037309168,0.003051203,0.055777972
4820000,6460000,Jeollanam-do,Jeollanam-do Suncheon-si,Suncheon-si,HNA,0.190316746,0.022190307,0.052067742,0.031375231,0.003128062,0,0.028052806,0.039493954,2.01E-02,0.215102507,3.91E-01,0.391083876,0.491596474,0.314471502,0.461845179,0.452596042,0.199686723,0.046564096,0.027561896,0.02353203,0.014134276,0.026443605,0.040248184,0.002537317,0.023828873
4830000,6460000,Jeollanam-do,Jeollanam-do Naju-si,Naju-si,HNA,0.07465145,0.016448778,0.03284914,0.021545943,0.001004068,0,0.010898467,0.019470698,0.00E+00,0.362092423,1.42E-01,0.141631225,0.327807297,0.304119002,0.707691539,0.556155927,0.151034762,0.229555283,0.019154751,0.013685294,0.010600707,0.002698327,0.031431137,0.00581589,0.047388516
4840000,6460000,Jeollanam-do,Jeollanam-do Gwangyang-si,Gwangyang-si,HNA,0.077271654,0.020686854,0.034010825,0.018657549,0.00043988,0,0.014978303,0.020487223,3.79E-02,0.082355459,1.89E-01,0.189395274,0.249370675,0.219441253,0.203904008,0.237795545,0.088519536,0.067787188,0.017398607,0.017412589,0.00565371,0.009713977,0.024083599,0.000898067,0.015213783
4850000,6460000,Jeollanam-do,Jeollanam-do Damyang-gun,Damyang-gun,HNA,0.012123847,0.00372166,0.01363577,0.007427767,0.002566141,0,0.003844853,0.007090074,0.00E+00,0.153556308,1.73E-01,0.172679115,0.244814198,0.202689986,0.349835031,0.26662506,0.044695897,0.474267895,0.010725256,0.008122166,0.002120141,0.024824609,0.018777043,0.000974004,0.010687635
4860000,6460000,Jeollanam-do,Jeollanam-do Gokseong-gun,Gokseong-gun,HNA,0.044788787,0.002820264,0.010958392,0.006501813,0,0,0.001984592,0.004808016,0.00E+00,0.135018578,2.41E-01,0.241192088,0.294826266,0.1361866,0.280608977,0.23097567,5.78E-02,0.271373166,0.006826614,0.004617396,0.001413428,0.008634647,0.009959997,0.001056644,0.00576425
4870000,6460000,Jeollanam-do,Jeollanam-do Gurye-gun,Gurye-gun,HNA,0.067773262,0.002307862,0.008031094,0.004705789,0,0,0.001734825,0.003990004,0.00E+00,0.089170787,2.19E-01,0.218606085,0.238336489,0.104581084,0.183000495,0.16090432,0.019615013,0.389704599,0.007797283,0.00611944,0.001413428,0.014570966,0.007429178,0.003503587,0.005026636
4880000,6460000,Jeollanam-do,Jeollanam-do Goheung-gun,Goheung-gun,HNA,0.014768678,0.006262296,0.027652872,0.016325849,0.002105219,0,0.005692817,0.013978841,3.83E-01,0.354639195,2.88E-01,0.288471701,0.435490489,0.307561062,0.694435006,0.45104459,0.0415269,0.035531717,0.008806268,0.009485133,0.024028269,0.00701565,0.022614091,0.003117271,0.017656482
4890000,6460000,Jeollanam-do,Jeollanam-do Boseong-gun,Boseong-gun,HNA,0.057224587,0.002953368,0.01778967,0.0098167,0,0,0.0032804,0.007586741,5.46E-02,0.232088289,2.57E-01,0.2571407,0.357909149,0.262635967,0.49029175,0.361870519,0.074184427,0.037944146,0.010948765,0.010542127,0.003533569,0.009174312,0.015756388,0.00244849,0.005618917
4900000,6460000,Jeollanam-do,Jeollanam-do Hwasun-gun,Hwasun-gun,HNA,0.103140538,0.009739779,0.021249642,0.011601775,0.000188387,0,0.005563806,0.01025002,0.00E+00,0.15563478,3.51E-01,0.351379067,0.424479696,0.194860796,0.318109077,0.345059563,0.097016232,0.133570011,0.011909855,0.009206976,0.004946996,0.011872639,0.018613764,0.002418365,0.019328627
4910000,6460000,Jeollanam-do,Jeollanam-do Jangheung-gun,Jangheung-gun,HNA,0.01224297,0.00152694,0.014050674,8.16E-03,0.000193112,0,0.002964384,0.006510791,5.63E-02,0.190303901,2.51E-01,0.251201651,0.335350509,0.223187115,0.423064273,0.355246578,0.041200141,0.076043792,0.007248089,0.00720425,0.004946996,0.013491635,0.01314393,0.000855126,0.013682594
4920000,6460000,Jeollanam-do,Jeollanam-do Gangjin-gun,Gangjin-gun,HNA,0.012575898,0.001135749,0.013453069,7.87E-03,0,0,0.002650354,0.006289953,3.99E-02,0.207393857,1.80E-01,0.180423786,0.269615448,0.189776848,0.475690658,0.278071578,0.025431068,0.065867636,0.008413531,0.008622848,0.002826855,0.009713977,0.011347865,0.000906316,0.030872711
4930000,6460000,Jeollanam-do,Jeollanam-do Haenam-gun,Haenam-gun,HNA,0.023605725,0.006100153,0.029626319,0.016525843,0,0,0.00623981,0.012495459,1.66E-01,0.582144965,2.79E-01,0.278569092,0.558260022,0.44197089,1,0.911723621,0.061355048,0.155858479,0.011561819,0.013991266,0.003533569,0.015650297,0.020736387,0.001799153,0.021069672
4940000,6460000,Jeollanam-do,Jeollanam-do Yeongam-gun,Yeongam-gun,HNA,0.021496537,0.002961449,0.01879148,1.22E-02,0.000142648,0,0.004621716,0.009627564,1.21E-02,0.376386587,1.40E-01,0.139982887,0.329128038,0.312317874,0.714072721,0.546898534,0.070461331,0.007426888,0.010543255,0.009930183,0.002120141,0.015110631,0.029635072,0.000762322,0.048855987
4950000,6460000,Jeollanam-do,Jeollanam-do Muan-gun,Muan-gun,HNA,0.061567953,0.003376181,0.020048382,9.58E-03,0.000141059,0,0.007900423,0.012445349,1.19E-01,0.338069255,8.15E-02,0.081479478,0.242051213,0.239470772,0.384052507,0.370284183,0.11601034,0.007634114,0.011960943,0.010848099,0.002826855,0.007555316,0.021879337,0.001589091,0.017328539
4960000,6460000,Jeollanam-do,Jeollanam-do Hampyeong-gun,Hampyeong-gun,HNA,0.055360805,0.00294693,0.011627823,0.008147181,0,0,0.00238943,0.005492338,1.25E-02,0.21110159,1.05E-01,0.105330045,0.210712042,0.204499392,0.39123567,0.260579699,0.047972978,0.07943642,0.007765353,0.00522934,0.002120141,0.003777658,0.016491142,0.001584967,0.009563855
4970000,6460000,Jeollanam-do,Jeollanam-do Yeonggwang-gun,Yeonggwang-gun,HNA,0.036291448,0.00483807,0.017922527,0.013568103,0.001732408,0,0.004553722,0.008505776,1.29E-01,0.279336353,1.29E-01,0.129004454,0.255533959,0.214783665,0.496865706,0.33030891,5.75E-02,0.088166466,0.009435288,0.011181886,0.004946996,0.006475985,0.021307862,0.001735811,0.014704363
4980000,6460000,Jeollanam-do,Jeollanam-do Jangseong-gun,Jangseong-gun,HNA,0.06120422,0.004973037,0.012381774,0.007626767,0.000224414,0,0.003665775,0.006848968,0.00E+00,0.173484682,1.97E-01,0.197051866,0.279064602,0.217806209,0.355015023,0.302484878,0.064592772,0.22799036,0.007181036,0.005841284,0,0.01295197,0.015919667,0.002371374,0.011421314
4990000,6460000,Jeollanam-do,Jeollanam-do Wando-gun,Wando-gun,HNA,0.017531977,0.002213646,0.016930484,0.010335053,0,0,0.00421496,0.008505294,5.44E-01,0.095883812,1.61E-01,0.161241412,0.213184548,0.146208197,0.158930925,0.1467327,0.028344925,0.086377686,0.004754363,0.003170983,0.006360424,0.004856989,0.010449833,0.004737297,0.021851138
5000000,6460000,Jeollanam-do,Jeollanam-do Jindo-gun,Jindo-gun,HNA,0.045652909,0.000988027,0.011852988,0.007141585,0.000890402,0,0.00221296,0.005147351,3.67E-01,0.200945473,1.55E-01,0.155453356,0.236702762,0.170894886,0.319253788,0.232997128,0.020998276,0.081251277,0.003920993,0.003365692,0.000706714,0.003777658,0.005796392,0.000873098,0.028263662
5010000,6460000,Jeollanam-do,Jeollanam-do Sinan-gun,Sinan-gun,HNA,0.043952187,0.006640434,0.023555538,0.012914129,0.000148863,0,0.003147659,0.006662694,1.00E+00,0.327000498,1.92E-01,0.192125727,0.353385833,0.163283509,0.450917756,0.46880546,0.028369667,0.053477366,0.001896637,0.001696754,0.000706714,0.001079331,0.010123275,0.000388305,0.003629732
5020000,6470000,Gyeongsangbuk-do,Gyeongsangbuk-do Pohang-si,Pohang-si,YNA,0.335838344,0.044546705,0.093926688,0.052972511,0.006594749,0,0.05143034,0.069325138,1.09E-01,0.22130683,4.71E-01,0.470675944,0.610273816,0.349085556,0.476936281,0.468140088,1.59E-01,1,0.051554029,0.057717449,0.028268551,0.097139773,0.052820638,0.011568217,0.043753023
5050000,6470000,Gyeongsangbuk-do,Gyeongsangbuk-do Gyeongju-si,Gyeongju-si,YNA,0.128642059,0.018752318,0.059062137,0.03708821,0.004187883,0,0.025367013,0.040428633,2.49E-02,0.325460132,5.58E-01,0.558270629,0.715635276,0.405939914,0.710585368,0.633935789,3.24E-01,0.314010329,0.036703429,0.036772273,0.014840989,0.051268214,0.039350151,0.008068018,0.039133997
5060000,6470000,Gyeongsangbuk-do,Gyeongsangbuk-do Gimcheon-si,Gimcheon-si,YNA,0.015973475,0.02033056,0.037360362,0.02182691,0.002344883,0,0.013626245,0.021930453,0.00E+00,0.250246633,4.37E-01,0.437306541,0.545093363,0.255492306,0.552220475,0.438646903,1.15E-01,0.035839563,0.017449694,0.014797919,0.000706714,0.028602267,0.026451139,0.003709304,0.01885173
5070000,6470000,Gyeongsangbuk-do,Gyeongsangbuk-do Andong-si,Andong-si,YNA,0.018140211,0.017689113,0.048702799,0.02820743,0.002291883,0,0.015588885,0.025684266,0.00E+00,0.327169047,6.68E-01,0.668180789,0.82238246,0.354864389,0.452965111,1,1.74E-01,0.01472579,0.036071216,0.028093794,0.012720848,0.04587156,0.028247204,0.00789957,0.034130961
5080000,6470000,Gyeongsangbuk-do,Gyeongsangbuk-do Gumi-si,Gumi-si,YNA,0.018916427,0.028281456,0.058124703,0.036673249,0.006753145,0,0.042203833,0.050290043,0.00E+00,0.186313916,2.14E-01,0.21434683,0.331543875,0.237747505,0.408756637,0.475187466,1.52E-01,0.0098483,0.040589298,0.020305416,0.004946996,0.031300594,0.03583966,0.014134259,0.194363056
5090000,6470000,Gyeongsangbuk-do,Gyeongsangbuk-do Yeongju-si,Yeongju-si,YNA,0.065330857,0.009192138,0.028259094,0.017577872,0.000195564,0,0.009838765,0.015682001,0.00E+00,0.225691683,2.56E-01,0.2562662,0.361169558,0.19086109,0.372088024,0.283728419,9.10E-02,0.014207256,0.025767435,0.024783733,0.002826855,0.078791149,0.025634746,0.003161905,0.028504931
5100000,6470000,Gyeongsangbuk-do,Gyeongsangbuk-do Yeongcheon-si,Yeongcheon-si,YNA,0.030935934,0.019283495,0.03187823,0.01978967,0.000396516,0,0.009555908,0.016649251,0.00E+00,0.230198227,3.90E-01,0.389970305,0.496040803,0.287389051,0.482758457,0.474485374,1.41E-01,0.050961639,0.018014854,0.012767378,0.000706714,0.020507285,0.020654747,0.004350538,0.054484084
5110000,6470000,Gyeongsangbuk-do,Gyeongsangbuk-do Sangju-si,Sangju-si,YNA,0.062733673,0.014142417,0.037031724,0.021483635,0.00043736,0,0.00920839,0.017360009,0.00E+00,0.425921881,5.16E-01,0.516200267,0.677620845,0.327197985,0.817239146,0.584947992,1.11E-01,0.027919606,0.016916465,0.016188701,0.006360424,0.02698327,0.030288187,0.004072861,0.033785774
5120000,6470000,Gyeongsangbuk-do,Gyeongsangbuk-do Mungyeong-si,Mungyeong-si,YNA,0.016198036,0.009485575,0.023799326,0.013780475,0.00099898,0,0.006458817,0.011465603,0.00E+00,0.184166255,4.30E-01,0.430247628,0.492092392,0.209536333,0.311167839,0.294634428,7.48E-02,0.009172247,0.022711743,0.021056438,0.012014134,0.06583918,0.018940322,0.004364017,0.02949919
5130000,6470000,Gyeongsangbuk-do,Gyeongsangbuk-do Gyeongsan-si,Gyeongsan-si,YNA,0.121762873,0.020706944,0.0432315,0.025441265,0.001935185,0,0.026375923,0.032855736,0.00E+00,0.157798211,1.45E-01,0.144758034,0.221370085,0.17507905,0.275614452,0.24295716,2.38E-01,0.011642507,0.023190692,0.01874774,0.007773852,0.017808958,0.029635072,0.001173313,0.045046742
5140000,6470000,Gyeongsangbuk-do,Gyeongsangbuk-do Gunwi-gun,Gunwi-gun,YNA,0.033452951,0.002137746,0.008004691,0.004979795,0,0,0.001470655,0.003714495,0.00E+00,0.11945482,2.91E-01,0.290522687,0.330994811,0.121850428,0.227700724,0.265308905,3.74E-02,0.01432668,0,0,0,0,0,0,0
5150000,6470000,Gyeongsangbuk-do,Gyeongsangbuk-do Uiseong-gun,Uiseong-gun,YNA,0.06588641,0.004268516,0.022987975,0.014118801,0.000225495,0,0.004407285,0.010683439,0.00E+00,0.337232903,4.96E-01,0.495614918,0.634394598,0.23497913,0.640965515,0.510525896,5.72E-02,0.021237309,0.01559776,0.012071987,0.002120141,0.008094981,0.018777043,0.005466916,0.04409961
5160000,6470000,Gyeongsangbuk-do,Gyeongsangbuk-do Cheongsong-gun,Cheongsong-gun,YNA,0.046697954,0.002318113,0.009515032,0.006527972,0.001731977,0,0.001634034,0.004212383,0.00E+00,0.127858941,4.18E-01,0.418199663,0.456484234,0.097947542,0.176770725,0.268015618,0.014192562,0.087837193,0,0,0,0,0,0,0
5170000,6470000,Gyeongsangbuk-do,Gyeongsangbuk-do Yeongyang-gun,Yeongyang-gun,YNA,0.01063311,0.001685441,0.00574083,0.003807331,0.004965814,0,0.000768504,0.002417098,0.00E+00,0.102514791,4.13E-01,0.413323854,0.440034368,0.099477302,0.094892741,0.181984263,0.007709193,0.052287493,0,0,0,0,0,0,0
5180000,6470000,Gyeongsangbuk-do,Gyeongsangbuk-do Yeongdeok-gun,Yeongdeok-gun,YNA,0.151578705,0.002330548,0.015061457,0.008093821,0.000161216,0,0.002830831,0.006838754,5.01E-02,0.095439314,3.74E-01,0.373650502,0.399704773,0.10882923,0.208568079,0.238356191,4.51E-02,0.503776748,0.011047748,0.013880003,0.004946996,0.024284943,0.010123275,0.016433083,0.011669752
5190000,6470000,Gyeongsangbuk-do,Gyeongsangbuk-do Cheongdo-gun,Cheongdo-gun,YNA,0.0851214,0.002984142,0.011411495,0.007488383,0.005146375,0,0.003431949,0.008472305,0.00E+00,0.166415728,3.18E-01,0.317562977,0.374035187,0.159395181,0.31286048,0.300588813,4.08E-02,0.019623081,0.009294796,0.009652026,0.007067138,0.028602267,0.012245898,0.000978055,0.018681067
5200000,6470000,Gyeongsangbuk-do,Gyeongsangbuk-do Goryeong-gun,Goryeong-gun,YNA,0.021771529,0.001606921,0.007541226,0.005617626,0,0,0.002333007,0.004511115,0.00E+00,0.095690581,1.52E-01,0.152269925,0.206364756,0.104292566,0.224017862,0.276828135,3.29E-02,0.010417766,0.007787704,0.003643849,0.004240283,0.00701565,0.015266552,0.010820037,0.014117754
5210000,6470000,Gyeongsangbuk-do,Gyeongsangbuk-do Seongju-gun,Seongju-gun,YNA,0.060067925,0.003577961,0.014449103,9.36E-03,0.00011204,0,0.003562618,0.006432959,0.00E+00,0.140377697,2.54E-01,0.254485744,0.331969776,0.156284448,0.389042927,0.279336586,1.77E-02,0.084970455,0.010064307,0.005590943,0.008480565,0.014570966,0.017634093,0.00180976,0.04977605
5220000,6470000,Gyeongsangbuk-do,Gyeongsangbuk-do Chilgok-gun,Chilgok-gun,YNA,0.019323639,0.006581349,0.017316649,0.011670054,1.50E-05,0,0.011078046,0.014708776,0.00E+00,0.095483193,1.83E-01,0.182506228,0.242568655,0.140781383,0.21262333,0.25066506,1.52E-01,0.010361124,0.02072251,0.011404412,0.000706714,0.014570966,0.022859009,0.002385736,0.058685507
5230000,6470000,Gyeongsangbuk-do,Gyeongsangbuk-do Yecheon-gun,Yecheon-gun,YNA,0.040544512,0.004003617,0.015724578,1.05E-02,0.00151349,0,0.004634893,0.009795657,0.00E+00,0.290622575,2.22E-01,0.222330574,0.356530882,0.24242951,0.489850094,0.431797264,6.40E-02,0.031932403,0.00553026,0.003310061,0.00565371,0.004856989,0.007592457,0.002921939,0.012182198
5240000,6470000,Gyeongsangbuk-do,Gyeongsangbuk-do Bonghwa-gun,Bonghwa-gun,YNA,0.036087335,0.003834441,0.012818581,0.008671371,0,0,0.002319139,0.005502392,0.00E+00,0.193721766,6.16E-01,0.61613232,0.649126701,0.212579641,0.217840618,0.298043926,0.072839424,0.071251827,0,0,0,0,0,0,0
5250000,6470000,Gyeongsangbuk-do,Gyeongsangbuk-do Uljin-gun,Uljin-gun,YNA,0.095355287,0.002346529,0.022018678,1.36E-02,0.005097318,0,0.004102857,0.008676503,6.18E-02,0.079756525,5.30E-01,0.529632333,0.534398464,0.139405353,0.188249545,0.255389474,2.37E-02,0.649124333,0.013330736,0.00981892,0.001413428,0.020507285,0.01191934,0.00401821,0.00576507
5260000,6470000,Gyeongsangbuk-do,Gyeongsangbuk-do Ulleung-gun,Ulleung-gun,YNA,0.015635139,0.000302734,0.000436367,0.000697536,0,0,0,0,4.33E-02,0.017285687,3.83E-02,0.03828296,0.037953158,0.005745199,0.001731539,0.010791046,1.87E-03,0.432670167,0,0,0,0,0,0,0
5310000,6480000,Gyeongsangnam-do,Gyeongsangnam-do Jinju-si,Jinju-si,YNA,0.029950302,0.029550068,0.061625653,0.029447903,0.000761749,0,0.034931608,0.045150241,0.00E+00,0.215152524,2.65E-01,0.26455822,0.384356767,0.348615305,0.431304633,0.562705681,0.160078189,0.006013114,0.045487346,0.052821896,0.016254417,0.018888289,0.036002939,0.002053703,0.015181589
5330000,6480000,Gyeongsangnam-do,Gyeongsangnam-do Tongyeong-si,Tongyeong-si,YNA,0.027208387,0.004557486,0.024837789,0.015513984,0.002587714,0,0.012451192,0.018263048,3.96E-01,0.041648094,9.59E-02,0.095855248,0.12834689,0.116255085,0.073366512,0.079096323,3.76E-02,0.035244092,0.021006686,0.013240244,0.009187279,0.005936319,0.031186219,0.000750095,0.012384755
5340000,6480000,Gyeongsangnam-do,Gyeongsangnam-do Sacheon-si,Sacheon-si,YNA,0.024215427,0.007421043,0.02509507,0.015156304,0.000534926,0,0.010606319,0.017169849,1.04E-01,0.121105725,1.44E-01,0.143657045,0.214278715,0.198502971,0.270836439,0.241535434,1.05E-01,0.006827662,0.019253734,0.01504826,0.002120141,0.009174312,0.020981305,0.000695665,0.006574175
5350000,6480000,Gyeongsangnam-do,Gyeongsangnam-do Gimhae-si,Gimhae-si,YNA,0.042855405,0.044769,0.069891751,0.040158683,0.019669304,0,0.054696388,0.062231852,0.00E+00,0.127814953,1.49E-01,0.148727886,0.249334515,0.319467387,0.325937068,0.374918383,1.67E-01,0.015721869,0.066031049,0.049650914,0.077031802,0.025364274,0.0813944,0.005710417,0.123844682
5360000,6480000,Gyeongsangnam-do,Gyeongsangnam-do Miryang-si,Miryang-si,YNA,0.113719927,0.014814848,0.031117987,0.017425166,0.003181472,0,0.00993282,0.018453113,0.00E+00,0.22131661,3.22E-01,0.321545411,0.430782812,0.229540888,0.52057341,0.430271422,0.125742773,0.051216644,0.019742262,0.017190064,0.015547703,0.057744199,0.033798677,0.001206899,0.02989498
5370000,6480000,Gyeongsangnam-do,Gyeongsangnam-do Geoje-si,Geoje-si,YNA,0.057284859,0.017158086,0.035093211,0.019827975,0.004252171,0,0.024526456,0.033723313,2.62E-01,0.066174325,1.78E-01,0.178171477,0.21679122,0.173362117,0.177017064,0.136685385,6.15E-02,0.132872074,0.034158615,0.026869906,0.048763251,0.024824609,0.031512777,0.000849676,0.004075602
5380000,6480000,Gyeongsangnam-do,Gyeongsangnam-do Yangsan-si,Yangsan-si,YNA,0.008475138,0.056752299,0.049964493,0.027541491,0.003238545,0,0.035271889,0.042779078,0.00E+00,0.040765091,2.26E-01,0.225973274,0.261309411,0.169534579,0.128919729,0.198220326,2.29E-01,0.076160768,0.036642762,0.026063253,0.021201413,0.05288721,0.032819006,0.001251534,0.048315934
5390000,6480000,Gyeongsangnam-do,Gyeongsangnam-do Uiryeong-gun,Uiryeong-gun,YNA,0.022071569,0.002527376,0.011710861,0.008598635,0.000690351,0,0.001822093,0.004743837,0.00E+00,0.101503379,2.07E-01,0.20711176,0.259865843,0.132865077,0.240372468,0.253229891,0.018075445,0.041978407,0.007564195,0.004645212,0,0.004317323,0.014531799,0.000545042,0.010156152
5400000,6480000,Gyeongsangnam-do,Gyeongsangnam-do Haman-gun,Haman-gun,YNA,0.012991263,0.005503641,0.014885219,0.008347712,0.001864952,0,0.005746822,0.010129499,0.00E+00,0.155307001,1.34E-01,0.133892845,0.223981229,0.193178595,0.343863653,0.285889482,0.054016543,0.01990049,0.017529519,0.014130344,0.002120141,0.002158662,0.020083272,0.001065778,0.006643679
5410000,6480000,Gyeongsangnam-do,Gyeongsangnam-do Changnyeong-gun,Changnyeong-gun,YNA,0.019045792,0.004325934,0.017379015,0.011097824,0.001254447,0,0.005410271,0.010704928,0.00E+00,0.172034885,1.82E-01,0.181826761,0.286868867,0.188551862,0.410565107,0.371257072,0.077928053,0.021245003,0.014719687,0.006202887,0.000706714,0.017808958,0.017470814,0.000344113,0.003903411
5420000,6480000,Gyeongsangnam-do,Gyeongsangnam-do Goseong-gun,Goseong-gun,YNA,0.016846709,0.005094437,0.016642616,0.008899202,3.15E-05,0,0.004412656,0.009062414,1.10E-01,0.155663173,2.14E-01,0.213535244,0.278837821,0.187956809,0.353875809,0.220198402,0.05477572,0.019860012,0.013691544,0.008845373,0.007067138,0.008634647,0.01796065,0.000347943,0.011179048
5430000,6480000,Gyeongsangnam-do,Gyeongsangnam-do Namhae-gun,Namhae-gun,YNA,0.01662338,0.004138713,0.013181167,0.007434777,0.000202903,0,0.003500616,0.009054448,1.91E-01,0.092095051,1.50E-01,0.149501724,0.192012232,0.113149284,0.201922016,0.11408053,4.27E-02,0.038588511,0.009112796,0.005924731,0.001413428,0.004856989,0.013552127,0.000342051,0.005011179
5440000,6480000,Gyeongsangnam-do,Gyeongsangnam-do Hadong-gun,Hadong-gun,YNA,0.054395082,0.004336188,0.018575001,0.011388257,0.000557692,0,0.003752421,0.007886565,4.03E-02,0.151745624,3.05E-01,0.305382893,0.364028863,0.21054815,0.363033823,0.29829124,4.22E-02,0.13101514,0.01224512,0.013740925,0.004946996,0.021046951,0.020899665,0.000486708,0.015741387
5450000,6480000,Gyeongsangnam-do,Gyeongsangnam-do Sancheong-gun,Sancheong-gun,YNA,0.041924266,0.004246953,0.013395828,0.008625567,0,0,0.002669852,0.006422777,0.00E+00,0.113177681,3.83E-01,0.383087551,0.428625565,0.223404553,0.312890396,0.325012647,2.79E-02,0.065363821,0.011076485,0.016355595,0.000706714,0.104155424,0.015021634,0.000420861,0.005506285
5460000,6480000,Gyeongsangnam-do,Gyeongsangnam-do Hamyang-gun,Hamyang-gun,YNA,0.021777734,0.004806658,0.014549646,0.009060241,0,0,0.003084345,0.006946779,0.00E+00,0.120954029,3.46E-01,0.345930745,0.391186509,0.206785251,0.298888475,0.242006343,2.12E-02,0.122577726,0.009834411,0.016522489,0.000706714,0.089584458,0.016164585,0.000496577,0.010130565
5470000,6480000,Gyeongsangnam-do,Gyeongsangnam-do Geochang-gun,Geochang-gun,YNA,0.025780743,0.005385795,0.018927675,0.010017253,0.000513662,0,0.005422862,0.010085974,0.00E+00,0.184580256,3.83E-01,0.38257795,0.43331501,0.205122728,0.364685456,0.276448045,4.37E-02,0.139040843,0.012385611,0.012461406,0.001413428,0.025364274,0.012082619,0.0005583,0.016917742
5480000,6480000,Gyeongsangnam-do,Gyeongsangnam-do Hapcheon-gun,Hapcheon-gun,YNA,0.046827112,0.007484487,0.020367488,0.013237704,0.001194657,0,0.003641302,0.009343961,0.00E+00,0.187565408,4.48E-01,0.448473715,0.53074426,0.269807733,0.451576761,0.550511297,0.027307858,0.286329774,0.013940598,0.014491947,0.000706714,0.035078251,0.018123928,0.002008111,0.010558339
5530000,6410000,Gyeonggi-do,Gyeonggi-do Hwaseong-si,Hwaseong-si,MPA,0.212544422,0.100233609,0.118801234,0.0664603,0.023786141,0,0.083967906,0.091948233,3.52E-02,0.350330495,1.09E-01,0.109155195,0.375569847,0.474444919,0.65093255,0.526471714,3.16E-01,0.005731328,0.083407304,0.054908069,0.006360424,0.008094981,0.098783574,0.023107783,0.654176698
5540000,6410000,Gyeonggi-do,Gyeonggi-do Gwangju-si,Gwangju-si,MPA,0.061956077,0.044262203,0.050009525,0.028307931,0.004650678,0,0.03776762,0.040555514,0.00E+00,0.045130634,1.77E-01,0.177378765,0.231770086,0.148383614,0.109726575,0.219330785,2.50E-01,0.001358329,0.049421111,0.046034881,0.004240283,0.04587156,0.058535391,0.00540895,0.271860439
5570000,6430000,Chungcheongbuk-do,Chungcheongbuk-do Jeungpyeong-gun,Jeungpyeong-gun,CCA,0.021747247,0.000240238,0.002611921,0.001925772,0.002781523,0,0.002877668,0.004094496,0.00E+00,0.033342526,2.56E-02,0.025574402,0.042750356,0.036009056,0.059237282,0.048318073,2.26E-02,0.039874472,0.008828619,0.013740925,0.012720848,0.005396654,0.005878031,0.000147382,0.004094986
5580000,6440000,Chungcheongnam-do,Chungcheongnam-do Gyeryong-si,Gyeryong-si,CCA,0.013729582,0.003155976,0.001869143,0.000455355,0.00032862,0,0.003539302,0.004200273,0.00E+00,0.006406483,2.49E-02,0.0249201,0.031331532,0.016950424,0.016410593,0.020466903,3.98E-02,0.006054296,0.004479766,0.005590943,0.00565371,0.00701565,0.016980978,0.000804526,0.011852846
5590000,6410000,Gyeonggi-do,Gyeonggi-do Yangju-si,Yangju-si,MPA,0.035980474,0.026200638,0.034257139,0.019449701,0.001329666,0,0.022541605,0.02619452,0.00E+00,0.064170913,1.00E-01,0.100485693,0.166485105,0.13162116,0.125558863,0.140451193,1.34E-01,0.045272014,0.039797437,0.029095157,0.006360424,0.038316244,0.052167524,0.006601708,0.234664686
5600000,6410000,Gyeonggi-do,Gyeonggi-do Pocheon-si,Pocheon-si,MPA,0.122810391,0.015325889,0.034660617,0.019478311,0.001046394,0,0.014481861,0.019389108,0.00E+00,0.161033255,3.35E-01,0.334694365,0.446039829,0.176110877,0.257338057,0.285124059,2.70E-01,0.06941134,0.04216025,0.029456761,0.009187279,0.059363195,0.06343375,0.013829993,0.205826509
5670000,6480000,Gyeongsangnam-do,Gyeongsangnam-do Changwon-si,Changwon-si,YNA,0.186822692,0.074768107,0.158611716,0.094742517,0.01545196,0,0.106904178,0.124675707,1.60E-01,0.156699707,2.67E-01,0.266659536,0.403461259,0.430840159,0.421353856,0.446530015,0.273159504,0.066878965,0.103951007,0.081138216,0.114487633,0.094981112,0.08490489,0.002557277,0.048347089
5680000,6440000,Chungcheongnam-do,Chungcheongnam-do Dangjin-si,Dangjin-si,CCA,0.027852427,0.011252601,0.037794309,0.023587257,0.000839149,0,0.016363503,0.022839338,5.25E-02,0.426309542,1.37E-01,0.137409719,0.380227952,0.390050702,0.926705339,0.646881374,1.03E-01,0.010562565,0.015141162,0.012989903,0.012014134,0.00701565,0.026124582,0.002058564,0.028056993
5700000,6410000,Gyeonggi-do,Gyeonggi-do Yeoju-si,Yeoju-si,MPA,0.06287769,0.022576421,0.031452568,0.017261956,0.000871874,0,0.010628719,0.015083862,0.00E+00,0.255414363,1.79E-01,0.178800614,0.32774655,0.265604062,0.432078381,0.448716598,0.469907186,0.016957776,0.026725333,0.012711747,0.00565371,0.003237992,0.035676382,0.013702424,0.063828122
5710000,6430000,Chungcheongbuk-do,Chungcheongbuk-do Cheongju-si,Cheongju-si,CCA,0.068233232,0.062974955,0.124087757,0.078595791,0.017030333,0,0.086345575,0.102568423,0,0.288168977,0.297594182,0.297594182,0.507771422,0.544753462,0.580004021,0.692426515,0.357641349,0.332419104,0.06052314,0.069622542,0.03745583,0.02590394,0.07421014,0.007786143,0.156912082
