ORGAN_CODE,CATEGORY,YY,VAL
3000000,호우,2017,15268
3030000,호우,2017,3600
3050000,호우,2017,
3060000,호우,2017,
3070000,호우,2017,
3080000,호우,2017,
3090000,호우,2017,15545
3100000,호우,2017,
3110000,호우,2017,
3120000,호우,2017,
3130000,호우,2017,
3140000,호우,2017,
3150000,호우,2017,
3160000,호우,2017,1800
3180000,호우,2017,
3190000,호우,2017,
3200000,호우,2017,
3210000,호우,2017,
3220000,호우,2017,
3240000,호우,2017,8400
3250000,호우,2017,61200
3260000,호우,2017,333148
3270000,호우,2017,43200
3280000,호우,2017,313493
3290000,호우,2017,72600
3300000,호우,2017,16150
3310000,호우,2017,15395
3320000,호우,2017,5651
3330000,호우,2017,7200
3340000,호우,2017,25800
3350000,호우,2017,600
3360000,호우,2017,4809
3370000,호우,2017,105600
3380000,호우,2017,435639
3390000,호우,2017,16341
3400000,호우,2017,600
3420000,호우,2017,
3450000,호우,2017,
3460000,호우,2017,
3480000,호우,2017,
3490000,호우,2017,20600
3500000,호우,2017,21600
3510500,호우,2017,648600
3520000,호우,2017,8400
3530000,호우,2017,623400
3540000,호우,2017,586200
3550000,호우,2017,3000
3560000,호우,2017,637200
3570000,호우,2017,
3580000,호우,2017,600
3590000,호우,2017,
3600000,호우,2017,
3610000,호우,2017,1200
3620000,호우,2017,
3630000,호우,2017,1200
3640000,호우,2017,
3650000,호우,2017,
3660000,호우,2017,1200
3670000,호우,2017,
3680000,호우,2017,
3720000,호우,2017,1367
3730000,호우,2017,174
5690000,호우,2017,32360
3740000,호우,2017,
3750000,호우,2017,26400
3760000,호우,2017,16800
3770000,호우,2017,7200
5610000,호우,2017,3000
3790000,호우,2017,16200
3800000,호우,2017,
3810000,호우,2017,
3820000,호우,2017,12000
3840000,호우,2017,
3850000,호우,2017,
3860000,호우,2017,15000
3900000,호우,2017,51379
3910000,호우,2017,52385
3920000,호우,2017,2400
3930000,호우,2017,
5550000,호우,2017,40800
5560000,호우,2017,9000
3940000,호우,2017,
3950000,호우,2017,34502
3960100,호우,2017,15749
4100100,호우,2017,11400
3970000,호우,2017,
3980000,호우,2017,
3990000,호우,2017,141615
4000000,호우,2017,
4010000,호우,2017,294600
4020000,호우,2017,172500
4030000,호우,2017,24600
4040000,호우,2017,8400
4050000,호우,2017,
5620000,호우,2017,19200
5630000,호우,2017,1200
5640000,호우,2017,6600
4060000,호우,2017,
4070000,호우,2017,73941
4080000,호우,2017,843208
4090000,호우,2017,3000
5530000,호우,2017,39400
5540000,호우,2017,18823
5590000,호우,2017,17025
5600000,호우,2017,489085
5700000,호우,2017,347359
4140000,호우,2017,16942
4160000,호우,2017,44775
4170000,호우,2017,4014
4180000,호우,2017,150365
4190000,호우,2017,17904
4200000,호우,2017,893610
4220000,호우,2017,
4230000,호우,2017,2400
4240000,호우,2017,3600
4250000,호우,2017,4922914
4260000,호우,2017,81092
4270000,호우,2017,
4280000,호우,2017,276557
4290000,호우,2017,46495
4300000,호우,2017,672
4310000,호우,2017,14802
4320000,호우,2017,90978
4330000,호우,2017,587950
4340000,호우,2017,
4350000,호우,2017,
5710000,호우,2017,
5720000,호우,2017,21119791
5725000,호우,2017,1183147
5730000,호우,2017,4887463
5735000,호우,2017,5085641
4390000,호우,2017,30671
4400000,호우,2017,
4420000,호우,2017,3298470
4430000,호우,2017,
4440000,호우,2017,91422
5570000,호우,2017,4079794
4450000,호우,2017,3863518
4460000,호우,2017,11354789
4470000,호우,2017,2722778
4480000,호우,2017,
4490000,호우,2017,
5650000,호우,2017,22303954
5660000,호우,2017,503147
4500000,호우,2017,1891
4510000,호우,2017,
4520000,호우,2017,1122449
4530000,호우,2017,
4540000,호우,2017,18696
5580000,호우,2017,
5680000,호우,2017,
4550000,호우,2017,
4570000,호우,2017,15893
4580000,호우,2017,
4590000,호우,2017,
4600000,호우,2017,21937
4610000,호우,2017,493949
4620000,호우,2017,
4640000,호우,2017,
4650000,호우,2017,
4660000,호우,2017,
4670000,호우,2017,600
4680000,호우,2017,777
4690000,호우,2017,
4700000,호우,2017,
4710000,호우,2017,15000
4720000,호우,2017,
4730000,호우,2017,
4740000,호우,2017,
4750000,호우,2017,19418
4760000,호우,2017,
4770000,호우,2017,
4780000,호우,2017,1200
4790000,호우,2017,34766
4800000,호우,2017,
4810000,호우,2017,102712
4820000,호우,2017,
4830000,호우,2017,
4840000,호우,2017,
4850000,호우,2017,
4860000,호우,2017,
4870000,호우,2017,
4880000,호우,2017,6004
4890000,호우,2017,
4900000,호우,2017,
4910000,호우,2017,30600
4920000,호우,2017,
4930000,호우,2017,
4940000,호우,2017,
4950000,호우,2017,7300
4960000,호우,2017,1200
4970000,호우,2017,
4980000,호우,2017,
4990000,호우,2017,600
5000000,호우,2017,
5010000,호우,2017,
5020000,호우,2017,
5030000,호우,2017,
5040000,호우,2017,30000
5050000,호우,2017,
5060000,호우,2017,
5070000,호우,2017,190503
5080000,호우,2017,
5090000,호우,2017,
5100000,호우,2017,
5110000,호우,2017,498567
5120000,호우,2017,332354
5130000,호우,2017,
5140000,호우,2017,
5150000,호우,2017,45072
5160000,호우,2017,
5170000,호우,2017,
5180000,호우,2017,
5190000,호우,2017,15000
5200000,호우,2017,
5210000,호우,2017,
5220000,호우,2017,
5230000,호우,2017,341945
5240000,호우,2017,
5250000,호우,2017,
5670000,호우,2017,
5670123,호우,2017,
5670140,호우,2017,
5670156,호우,2017,
5670206,호우,2017,
5310000,호우,2017,
5330000,호우,2017,478037
5340000,호우,2017,
5350000,호우,2017,12859
5360000,호우,2017,
5370000,호우,2017,2936968
5380000,호우,2017,1800
5390000,호우,2017,
5400000,호우,2017,
5410000,호우,2017,
5420000,호우,2017,
5440000,호우,2017,
5450000,호우,2017,
5460000,호우,2017,30000
5470000,호우,2017,
5480000,호우,2017,4894
6510000,호우,2017,19561
6520000,호우,2017,177100
3420000,대설,2017,
3460000,대설,2017,
3480000,대설,2017,
3630000,대설,2017,
3730000,대설,2017,
3960100,대설,2017,
4100100,대설,2017,
3970000,대설,2017,
4070000,대설,2017,
4080000,대설,2017,
4090000,대설,2017,
5590000,대설,2017,
5700000,대설,2017,
4200000,대설,2017,
4220000,대설,2017,
4230000,대설,2017,
4280000,대설,2017,17689
4320000,대설,2017,
5710000,대설,2017,
4430000,대설,2017,
4440000,대설,2017,
4460000,대설,2017,
4480000,대설,2017,
5650000,대설,2017,
4500000,대설,2017,
4550000,대설,2017,
4640000,대설,2017,
4670000,대설,2017,
4700000,대설,2017,
4740000,대설,2017,
4750000,대설,2017,
4770000,대설,2017,
4780000,대설,2017,
4790000,대설,2017,
4850000,대설,2017,
4950000,대설,2017,
4970000,대설,2017,
5030000,대설,2017,
5040000,대설,2017,
5050000,대설,2017,
5060000,대설,2017,
5070000,대설,2017,
5080000,대설,2017,
5090000,대설,2017,
5100000,대설,2017,
5110000,대설,2017,
5120000,대설,2017,
5130000,대설,2017,
5140000,대설,2017,
5150000,대설,2017,
5160000,대설,2017,
5170000,대설,2017,
5190000,대설,2017,
5210000,대설,2017,
5220000,대설,2017,
5230000,대설,2017,
5240000,대설,2017,
5450000,대설,2017,
5460000,대설,2017,
5470000,대설,2017,
5480000,대설,2017,
6520000,대설,2017,65740
3260000,"풍랑,강풍",2017,304274
3300000,"풍랑,강풍",2017,
3340000,"풍랑,강풍",2017,600
3360000,"풍랑,강풍",2017,41108
3400000,"풍랑,강풍",2017,
3550000,"풍랑,강풍",2017,
3570000,"풍랑,강풍",2017,
3950000,"풍랑,강풍",2017,
3960100,"풍랑,강풍",2017,
4100100,"풍랑,강풍",2017,
5620000,"풍랑,강풍",2017,
4060000,"풍랑,강풍",2017,
4070000,"풍랑,강풍",2017,
4090000,"풍랑,강풍",2017,
5530000,"풍랑,강풍",2017,
5540000,"풍랑,강풍",2017,
5590000,"풍랑,강풍",2017,
5600000,"풍랑,강풍",2017,
4140000,"풍랑,강풍",2017,
4160000,"풍랑,강풍",2017,
4200000,"풍랑,강풍",2017,
4220000,"풍랑,강풍",2017,
4240000,"풍랑,강풍",2017,15000
4250000,"풍랑,강풍",2017,
4280000,"풍랑,강풍",2017,
4300000,"풍랑,강풍",2017,
4310000,"풍랑,강풍",2017,
4340000,"풍랑,강풍",2017,
4350000,"풍랑,강풍",2017,
5720000,"풍랑,강풍",2017,
5735000,"풍랑,강풍",2017,
4390000,"풍랑,강풍",2017,
4430000,"풍랑,강풍",2017,
5570000,"풍랑,강풍",2017,
4450000,"풍랑,강풍",2017,
4740000,"풍랑,강풍",2017,
5010000,"풍랑,강풍",2017,
5030000,"풍랑,강풍",2017,
5040000,"풍랑,강풍",2017,
5050000,"풍랑,강풍",2017,
5070000,"풍랑,강풍",2017,
5090000,"풍랑,강풍",2017,
5110000,"풍랑,강풍",2017,
5120000,"풍랑,강풍",2017,
5170000,"풍랑,강풍",2017,
5180000,"풍랑,강풍",2017,175010
5190000,"풍랑,강풍",2017,
5370000,"풍랑,강풍",2017,9790
5380000,"풍랑,강풍",2017,
5400000,"풍랑,강풍",2017,
5430000,"풍랑,강풍",2017,
5460000,"풍랑,강풍",2017,
6510000,"풍랑,강풍",2017,
6520000,"풍랑,강풍",2017,59472
3120000,태풍,2017,
3160000,태풍,2017,
3190000,태풍,2017,
3210000,태풍,2017,
3250000,태풍,2017,
3260000,태풍,2017,
3270000,태풍,2017,
3280000,태풍,2017,
3290000,태풍,2017,
3300000,태풍,2017,
3310000,태풍,2017,
3320000,태풍,2017,
3330000,태풍,2017,
3340000,태풍,2017,
3350000,태풍,2017,
3360000,태풍,2017,
3370000,태풍,2017,
3380000,태풍,2017,
3390000,태풍,2017,
3400000,태풍,2017,
3480000,태풍,2017,
3490000,태풍,2017,
3500000,태풍,2017,
3510500,태풍,2017,
3520000,태풍,2017,
3530000,태풍,2017,
3540000,태풍,2017,
3550000,태풍,2017,
3560000,태풍,2017,
3570000,태풍,2017,
3580000,태풍,2017,
3590000,태풍,2017,
3600000,태풍,2017,
3610000,태풍,2017,
3620000,태풍,2017,
3630000,태풍,2017,
3640000,태풍,2017,
3650000,태풍,2017,
3660000,태풍,2017,
3670000,태풍,2017,
3680000,태풍,2017,
3690000,태풍,2017,
3700000,태풍,2017,
3710000,태풍,2017,
3720000,태풍,2017,
3730000,태풍,2017,
5690000,태풍,2017,
3750000,태풍,2017,
3760000,태풍,2017,
3790000,태풍,2017,
3810000,태풍,2017,
3820000,태풍,2017,
3860000,태풍,2017,
3900000,태풍,2017,
3910000,태풍,2017,
3920000,태풍,2017,
5550000,태풍,2017,
5560000,태풍,2017,
3950000,태풍,2017,
3960100,태풍,2017,
4100100,태풍,2017,
3970000,태풍,2017,
3980000,태풍,2017,
3990000,태풍,2017,
4000000,태풍,2017,
4010000,태풍,2017,
4030000,태풍,2017,
4040000,태풍,2017,
5620000,태풍,2017,
4060000,태풍,2017,
4070000,태풍,2017,
4080000,태풍,2017,
4090000,태풍,2017,
5530000,태풍,2017,
5540000,태풍,2017,
5590000,태풍,2017,
5600000,태풍,2017,
5700000,태풍,2017,
4140000,태풍,2017,
4160000,태풍,2017,
4170000,태풍,2017,
4180000,태풍,2017,
4190000,태풍,2017,
4200000,태풍,2017,
4210000,태풍,2017,
4220000,태풍,2017,
4230000,태풍,2017,
4240000,태풍,2017,
4250000,태풍,2017,
4260000,태풍,2017,
4270000,태풍,2017,
4280000,태풍,2017,
4290000,태풍,2017,
4300000,태풍,2017,
4310000,태풍,2017,
4320000,태풍,2017,
4330000,태풍,2017,
4340000,태풍,2017,
4350000,태풍,2017,
5710000,태풍,2017,
5720000,태풍,2017,
5725000,태풍,2017,
5730000,태풍,2017,
5735000,태풍,2017,
4390000,태풍,2017,
4400000,태풍,2017,
4420000,태풍,2017,
4430000,태풍,2017,
4440000,태풍,2017,
5570000,태풍,2017,
4450000,태풍,2017,
4460000,태풍,2017,
4470000,태풍,2017,
4480000,태풍,2017,
4490000,태풍,2017,
5650000,태풍,2017,
5660000,태풍,2017,
4500000,태풍,2017,
4510000,태풍,2017,
4520000,태풍,2017,
4530000,태풍,2017,
4540000,태풍,2017,
5580000,태풍,2017,
5680000,태풍,2017,
4550000,태풍,2017,
4570000,태풍,2017,
4580000,태풍,2017,
4590000,태풍,2017,
4600000,태풍,2017,
4610000,태풍,2017,
4620000,태풍,2017,
4640000,태풍,2017,
4650000,태풍,2017,
4660000,태풍,2017,
4670000,태풍,2017,
4680000,태풍,2017,
4690000,태풍,2017,
4700000,태풍,2017,
4710000,태풍,2017,
4720000,태풍,2017,
4730000,태풍,2017,
4740000,태풍,2017,
4750000,태풍,2017,
4760000,태풍,2017,
4770000,태풍,2017,
4780000,태풍,2017,
4790000,태풍,2017,
4800000,태풍,2017,
4810000,태풍,2017,
4820000,태풍,2017,
4830000,태풍,2017,
4840000,태풍,2017,
4850000,태풍,2017,
4860000,태풍,2017,
4870000,태풍,2017,
4880000,태풍,2017,
4890000,태풍,2017,
4900000,태풍,2017,
4910000,태풍,2017,
4920000,태풍,2017,
4930000,태풍,2017,
4940000,태풍,2017,
4950000,태풍,2017,
4960000,태풍,2017,
4970000,태풍,2017,
4980000,태풍,2017,
4990000,태풍,2017,
5000000,태풍,2017,
5010000,태풍,2017,
5020000,태풍,2017,
5030000,태풍,2017,
5040000,태풍,2017,
5050000,태풍,2017,
5060000,태풍,2017,
5070000,태풍,2017,
5080000,태풍,2017,
5090000,태풍,2017,
5100000,태풍,2017,
5110000,태풍,2017,
5120000,태풍,2017,
5130000,태풍,2017,
5140000,태풍,2017,
5150000,태풍,2017,
5160000,태풍,2017,
5170000,태풍,2017,
5180000,태풍,2017,
5190000,태풍,2017,
5200000,태풍,2017,
5210000,태풍,2017,
5220000,태풍,2017,
5230000,태풍,2017,
5240000,태풍,2017,
5250000,태풍,2017,
5260000,태풍,2017,
5670000,태풍,2017,
5670123,태풍,2017,
5670140,태풍,2017,
5670156,태풍,2017,
5670184,태풍,2017,
5670206,태풍,2017,
5310000,태풍,2017,
5330000,태풍,2017,
5340000,태풍,2017,
5350000,태풍,2017,
5360000,태풍,2017,
5370000,태풍,2017,
5380000,태풍,2017,
5390000,태풍,2017,
5400000,태풍,2017,
5410000,태풍,2017,
5420000,태풍,2017,
5430000,태풍,2017,
5440000,태풍,2017,
5450000,태풍,2017,
5460000,태풍,2017,
5470000,태풍,2017,
5480000,태풍,2017,
6510000,태풍,2017,
6520000,태풍,2017,
3280000,"태풍,호우",2017,
3340000,"태풍,호우",2017,
3360000,"태풍,호우",2017,
3370000,"태풍,호우",2017,
3400000,"태풍,호우",2017,
3660000,"태풍,호우",2017,
3720000,"태풍,호우",2017,
3730000,"태풍,호우",2017,
3790000,"태풍,호우",2017,
3910000,"태풍,호우",2017,
5560000,"태풍,호우",2017,
3950000,"태풍,호우",2017,
4100100,"태풍,호우",2017,
4000000,"태풍,호우",2017,
4010000,"태풍,호우",2017,
5620000,"태풍,호우",2017,
5640000,"태풍,호우",2017,
4070000,"태풍,호우",2017,
4080000,"태풍,호우",2017,
5530000,"태풍,호우",2017,
5540000,"태풍,호우",2017,
5590000,"태풍,호우",2017,
5700000,"태풍,호우",2017,
4170000,"태풍,호우",2017,
4220000,"태풍,호우",2017,
4300000,"태풍,호우",2017,
5725000,"태풍,호우",2017,
5730000,"태풍,호우",2017,
5735000,"태풍,호우",2017,
4470000,"태풍,호우",2017,
4480000,"태풍,호우",2017,
5650000,"태풍,호우",2017,
5660000,"태풍,호우",2017,
4500000,"태풍,호우",2017,
4510000,"태풍,호우",2017,
4520000,"태풍,호우",2017,
4540000,"태풍,호우",2017,
5680000,"태풍,호우",2017,
4550000,"태풍,호우",2017,
4570000,"태풍,호우",2017,
4580000,"태풍,호우",2017,
4590000,"태풍,호우",2017,
4610000,"태풍,호우",2017,
4620000,"태풍,호우",2017,
4650000,"태풍,호우",2017,
4660000,"태풍,호우",2017,
4670000,"태풍,호우",2017,
4680000,"태풍,호우",2017,
4690000,"태풍,호우",2017,
4700000,"태풍,호우",2017,
4710000,"태풍,호우",2017,
4720000,"태풍,호우",2017,
4730000,"태풍,호우",2017,
4740000,"태풍,호우",2017,
4750000,"태풍,호우",2017,
4760000,"태풍,호우",2017,
4780000,"태풍,호우",2017,
4790000,"태풍,호우",2017,
4810000,"태풍,호우",2017,
4820000,"태풍,호우",2017,
4830000,"태풍,호우",2017,
4840000,"태풍,호우",2017,
4850000,"태풍,호우",2017,
4860000,"태풍,호우",2017,
4880000,"태풍,호우",2017,
4890000,"태풍,호우",2017,
4900000,"태풍,호우",2017,
4910000,"태풍,호우",2017,
4920000,"태풍,호우",2017,
4930000,"태풍,호우",2017,
4940000,"태풍,호우",2017,
4950000,"태풍,호우",2017,
4960000,"태풍,호우",2017,
4970000,"태풍,호우",2017,
4980000,"태풍,호우",2017,
4990000,"태풍,호우",2017,
5000000,"태풍,호우",2017,
5010000,"태풍,호우",2017,
5030000,"태풍,호우",2017,
5040000,"태풍,호우",2017,
5050000,"태풍,호우",2017,
5060000,"태풍,호우",2017,
5070000,"태풍,호우",2017,
5080000,"태풍,호우",2017,
5090000,"태풍,호우",2017,
5140000,"태풍,호우",2017,
5150000,"태풍,호우",2017,
5160000,"태풍,호우",2017,
5170000,"태풍,호우",2017,
5180000,"태풍,호우",2017,
5190000,"태풍,호우",2017,
5210000,"태풍,호우",2017,
5220000,"태풍,호우",2017,
5230000,"태풍,호우",2017,
5310000,"태풍,호우",2017,
5330000,"태풍,호우",2017,
5340000,"태풍,호우",2017,
5350000,"태풍,호우",2017,
5360000,"태풍,호우",2017,
5370000,"태풍,호우",2017,
5380000,"태풍,호우",2017,
5390000,"태풍,호우",2017,
5400000,"태풍,호우",2017,
5440000,"태풍,호우",2017,
5460000,"태풍,호우",2017,
5470000,"태풍,호우",2017,
5480000,"태풍,호우",2017,
6510000,"태풍,호우",2017,
3000000,호우,2018,
3030000,호우,2018,2700
3050000,호우,2018,19800
3060000,호우,2018,
3070000,호우,2018,644800
3080000,호우,2018,552042
3090000,호우,2018,221400
3100000,호우,2018,317940
3110000,호우,2018,621900
3120000,호우,2018,69300
3130000,호우,2018,2700
3140000,호우,2018,99000
3150000,호우,2018,51300
3160000,호우,2018,
3180000,호우,2018,
3190000,호우,2018,
3200000,호우,2018,
3210000,호우,2018,
3220000,호우,2018,9000
3240000,호우,2018,10800
3250000,호우,2018,
3260000,호우,2018,
3270000,호우,2018,
3280000,호우,2018,
3290000,호우,2018,
3300000,호우,2018,
3310000,호우,2018,
3320000,호우,2018,
3330000,호우,2018,
3340000,호우,2018,
3350000,호우,2018,
3360000,호우,2018,
3370000,호우,2018,
3380000,호우,2018,
3390000,호우,2018,
3400000,호우,2018,
3420000,호우,2018,
3450000,호우,2018,
3460000,호우,2018,
3480000,호우,2018,
3490000,호우,2018,22082
3500000,호우,2018,900
3510500,호우,2018,37800
3520000,호우,2018,4500
3530000,호우,2018,
3540000,호우,2018,43200
3550000,호우,2018,73710
3560000,호우,2018,57600
3570000,호우,2018,45823
3580000,호우,2018,
3590000,호우,2018,10117
3600000,호우,2018,1800
3610000,호우,2018,16200
3620000,호우,2018,
3630000,호우,2018,
3640000,호우,2018,
3650000,호우,2018,
3660000,호우,2018,31564
3670000,호우,2018,2520429
3680000,호우,2018,428904
3720000,호우,2018,
3730000,호우,2018,
5690000,호우,2018,758601
3740000,호우,2018,
3750000,호우,2018,5400
3760000,호우,2018,1800
3770000,호우,2018,
5610000,호우,2018,
3790000,호우,2018,4500
3800000,호우,2018,
3810000,호우,2018,1800
3820000,호우,2018,987965
3840000,호우,2018,9900
3850000,호우,2018,10800
3860000,호우,2018,8100
3900000,호우,2018,2700
3910000,호우,2018,3600
3920000,호우,2018,144758
3930000,호우,2018,
5550000,호우,2018,900
5560000,호우,2018,18000
3940000,호우,2018,
3950000,호우,2018,1064818
3960100,호우,2018,169107
4100100,호우,2018,123153
3970000,호우,2018,900
3980000,호우,2018,17700
3990000,호우,2018,2106737
4000000,호우,2018,600
4010000,호우,2018,31500
4020000,호우,2018,12600
4030000,호우,2018,7200
4040000,호우,2018,36400
4050000,호우,2018,
5620000,호우,2018,15000
5630000,호우,2018,
5640000,호우,2018,1800
4060000,호우,2018,2950267
4070000,호우,2018,33414
4080000,호우,2018,3906
4090000,호우,2018,218695
5530000,호우,2018,3000
5540000,호우,2018,32500
5590000,호우,2018,2586931
5600000,호우,2018,2280011
5700000,호우,2018,208026
4140000,호우,2018,6188111
4160000,호우,2018,274442
4170000,호우,2018,
4180000,호우,2018,23606
4190000,호우,2018,5404
4200000,호우,2018,165270
4220000,호우,2018,
4230000,호우,2018,77000
4240000,호우,2018,600
4250000,호우,2018,229295
4260000,호우,2018,
4270000,호우,2018,290609
4280000,호우,2018,1935218
4290000,호우,2018,3000
4300000,호우,2018,2082813
4310000,호우,2018,120484
4320000,호우,2018,665295
4330000,호우,2018,240370
4340000,호우,2018,38012
4350000,호우,2018,15541
5710000,호우,2018,
5720000,호우,2018,1287700
5725000,호우,2018,163407
5730000,호우,2018,44901
5735000,호우,2018,193164
4390000,호우,2018,1307757
4400000,호우,2018,662249
4420000,호우,2018,900
4430000,호우,2018,172
4440000,호우,2018,368140
5570000,호우,2018,143044
4450000,호우,2018,4752
4460000,호우,2018,2940595
4470000,호우,2018,907381
4480000,호우,2018,1093797
4490000,호우,2018,
5650000,호우,2018,80709
5660000,호우,2018,900
4500000,호우,2018,1564426
4510000,호우,2018,
4520000,호우,2018,1800
4530000,호우,2018,
4540000,호우,2018,11997
5580000,호우,2018,
5680000,호우,2018,
4550000,호우,2018,900
4570000,호우,2018,56841
4580000,호우,2018,
4590000,호우,2018,6322
4600000,호우,2018,
4610000,호우,2018,1350
4620000,호우,2018,900
4640000,호우,2018,
4650000,호우,2018,637835
4660000,호우,2018,45900
4670000,호우,2018,1274664
4680000,호우,2018,3011
4690000,호우,2018,
4700000,호우,2018,797468
4710000,호우,2018,19195
4720000,호우,2018,52423
4730000,호우,2018,6408
4740000,호우,2018,4595
4750000,호우,2018,1511261
4760000,호우,2018,27000
4770000,호우,2018,8432
4780000,호우,2018,
4790000,호우,2018,
4800000,호우,2018,
4810000,호우,2018,
4820000,호우,2018,2303
4830000,호우,2018,2700
4840000,호우,2018,
4850000,호우,2018,
4860000,호우,2018,5480
4870000,호우,2018,655433
4880000,호우,2018,
4890000,호우,2018,69013
4900000,호우,2018,
4910000,호우,2018,
4920000,호우,2018,
4930000,호우,2018,
4940000,호우,2018,
4950000,호우,2018,
4960000,호우,2018,440427
4970000,호우,2018,21900
4980000,호우,2018,23504
4990000,호우,2018,
5000000,호우,2018,
5010000,호우,2018,1800
5020000,호우,2018,
5030000,호우,2018,
5040000,호우,2018,71235
5050000,호우,2018,140822
5060000,호우,2018,
5070000,호우,2018,21000
5080000,호우,2018,322170
5090000,호우,2018,73000
5100000,호우,2018,
5110000,호우,2018,53
5120000,호우,2018,10804
5130000,호우,2018,
5140000,호우,2018,
5150000,호우,2018,522532
5160000,호우,2018,
5170000,호우,2018,
5180000,호우,2018,
5190000,호우,2018,
5200000,호우,2018,
5210000,호우,2018,
5220000,호우,2018,165407
5230000,호우,2018,
5240000,호우,2018,
5250000,호우,2018,
5670000,호우,2018,
5670123,호우,2018,
5670140,호우,2018,
5670156,호우,2018,
5670206,호우,2018,
5310000,호우,2018,
5330000,호우,2018,
5340000,호우,2018,
5350000,호우,2018,
5360000,호우,2018,237187
5370000,호우,2018,
5380000,호우,2018,900
5390000,호우,2018,900
5400000,호우,2018,26571
5410000,호우,2018,
5420000,호우,2018,
5440000,호우,2018,54806
5450000,호우,2018,424239
5460000,호우,2018,3122146
5470000,호우,2018,2450
5480000,호우,2018,158
6510000,호우,2018,
6520000,호우,2018,11598
3420000,대설,2018,18232
3460000,대설,2018,29528
3480000,대설,2018,36980
3630000,대설,2018,175
3730000,대설,2018,4801
3960100,대설,2018,20200
4100100,대설,2018,3382
3970000,대설,2018,10878
4070000,대설,2018,3047
4080000,대설,2018,
4090000,대설,2018,15897
5590000,대설,2018,
5700000,대설,2018,1815
4200000,대설,2018,
4220000,대설,2018,
4230000,대설,2018,
4280000,대설,2018,
4320000,대설,2018,
5710000,대설,2018,
4430000,대설,2018,139092
4440000,대설,2018,149465
4460000,대설,2018,119446
4480000,대설,2018,20898
5650000,대설,2018,1195
4500000,대설,2018,
4550000,대설,2018,263431
4640000,대설,2018,
4670000,대설,2018,
4700000,대설,2018,179636
4740000,대설,2018,131403
4750000,대설,2018,22417
4770000,대설,2018,
4780000,대설,2018,
4790000,대설,2018,
4850000,대설,2018,
4950000,대설,2018,
4970000,대설,2018,
5030000,대설,2018,5250
5040000,대설,2018,27640
5050000,대설,2018,358920
5060000,대설,2018,282099
5070000,대설,2018,28696
5080000,대설,2018,398226
5090000,대설,2018,286358
5100000,대설,2018,3790066
5110000,대설,2018,1000576
5120000,대설,2018,12783
5130000,대설,2018,1076516
5140000,대설,2018,1401484
5150000,대설,2018,534042
5160000,대설,2018,535215
5170000,대설,2018,107018
5190000,대설,2018,507038
5210000,대설,2018,722571
5220000,대설,2018,40953
5230000,대설,2018,48721
5240000,대설,2018,361290
5450000,대설,2018,74500
5460000,대설,2018,553137
5470000,대설,2018,620547
5480000,대설,2018,78879
6520000,대설,2018,7414
3260000,"풍랑,강풍",2018,
3300000,"풍랑,강풍",2018,2000
3340000,"풍랑,강풍",2018,
3360000,"풍랑,강풍",2018,
3400000,"풍랑,강풍",2018,
3550000,"풍랑,강풍",2018,1191
3570000,"풍랑,강풍",2018,234729
3950000,"풍랑,강풍",2018,10310
3960100,"풍랑,강풍",2018,7282
4100100,"풍랑,강풍",2018,15207
5620000,"풍랑,강풍",2018,
4060000,"풍랑,강풍",2018,1921
4070000,"풍랑,강풍",2018,
4090000,"풍랑,강풍",2018,24669
5530000,"풍랑,강풍",2018,
5540000,"풍랑,강풍",2018,
5590000,"풍랑,강풍",2018,
5600000,"풍랑,강풍",2018,
4140000,"풍랑,강풍",2018,24232
4160000,"풍랑,강풍",2018,
4200000,"풍랑,강풍",2018,
4220000,"풍랑,강풍",2018,5953
4240000,"풍랑,강풍",2018,
4250000,"풍랑,강풍",2018,
4280000,"풍랑,강풍",2018,
4300000,"풍랑,강풍",2018,14500
4310000,"풍랑,강풍",2018,
4340000,"풍랑,강풍",2018,51326
4350000,"풍랑,강풍",2018,
5720000,"풍랑,강풍",2018,
5735000,"풍랑,강풍",2018,
4390000,"풍랑,강풍",2018,
4430000,"풍랑,강풍",2018,
5570000,"풍랑,강풍",2018,
4450000,"풍랑,강풍",2018,
4740000,"풍랑,강풍",2018,
5010000,"풍랑,강풍",2018,
5030000,"풍랑,강풍",2018,21000
5040000,"풍랑,강풍",2018,38047
5050000,"풍랑,강풍",2018,1692087
5070000,"풍랑,강풍",2018,604664
5090000,"풍랑,강풍",2018,
5110000,"풍랑,강풍",2018,6823
5120000,"풍랑,강풍",2018,
5170000,"풍랑,강풍",2018,
5180000,"풍랑,강풍",2018,21528
5190000,"풍랑,강풍",2018,42312
5370000,"풍랑,강풍",2018,
5380000,"풍랑,강풍",2018,
5400000,"풍랑,강풍",2018,
5430000,"풍랑,강풍",2018,
5460000,"풍랑,강풍",2018,
6510000,"풍랑,강풍",2018,
6520000,"풍랑,강풍",2018,3025
3120000,태풍,2018,
3160000,태풍,2018,
3190000,태풍,2018,
3210000,태풍,2018,
3250000,태풍,2018,
3260000,태풍,2018,538026
3270000,태풍,2018,
3280000,태풍,2018,2116589
3290000,태풍,2018,11045
3300000,태풍,2018,
3310000,태풍,2018,1426900
3320000,태풍,2018,
3330000,태풍,2018,559326
3340000,태풍,2018,41402
3350000,태풍,2018,
3360000,태풍,2018,1864909
3370000,태풍,2018,10455
3380000,태풍,2018,141641
3390000,태풍,2018,50208
3400000,태풍,2018,344542
3480000,태풍,2018,
3490000,태풍,2018,
3500000,태풍,2018,
3510500,태풍,2018,
3520000,태풍,2018,
3530000,태풍,2018,
3540000,태풍,2018,
3550000,태풍,2018,
3560000,태풍,2018,
3570000,태풍,2018,
3580000,태풍,2018,
3590000,태풍,2018,
3600000,태풍,2018,
3610000,태풍,2018,
3620000,태풍,2018,
3630000,태풍,2018,
3640000,태풍,2018,
3650000,태풍,2018,
3660000,태풍,2018,
3670000,태풍,2018,
3680000,태풍,2018,
3690000,태풍,2018,
3700000,태풍,2018,
3710000,태풍,2018,
3720000,태풍,2018,4051
3730000,태풍,2018,561825
5690000,태풍,2018,
3750000,태풍,2018,
3760000,태풍,2018,
3790000,태풍,2018,
3810000,태풍,2018,
3820000,태풍,2018,
3860000,태풍,2018,
3900000,태풍,2018,
3910000,태풍,2018,
3920000,태풍,2018,
5550000,태풍,2018,
5560000,태풍,2018,
3950000,태풍,2018,
3960100,태풍,2018,
4100100,태풍,2018,
3970000,태풍,2018,
3980000,태풍,2018,
3990000,태풍,2018,
4000000,태풍,2018,
4010000,태풍,2018,
4030000,태풍,2018,
4040000,태풍,2018,
5620000,태풍,2018,
4060000,태풍,2018,
4070000,태풍,2018,
4080000,태풍,2018,
4090000,태풍,2018,
5530000,태풍,2018,
5540000,태풍,2018,
5590000,태풍,2018,
5600000,태풍,2018,
5700000,태풍,2018,
4140000,태풍,2018,
4160000,태풍,2018,
4170000,태풍,2018,
4180000,태풍,2018,
4190000,태풍,2018,
4200000,태풍,2018,95183
4210000,태풍,2018,658842
4220000,태풍,2018,
4230000,태풍,2018,
4240000,태풍,2018,483666
4250000,태풍,2018,
4260000,태풍,2018,
4270000,태풍,2018,
4280000,태풍,2018,641
4290000,태풍,2018,93362
4300000,태풍,2018,
4310000,태풍,2018,
4320000,태풍,2018,
4330000,태풍,2018,
4340000,태풍,2018,173494
4350000,태풍,2018,416689
5710000,태풍,2018,
5720000,태풍,2018,
5725000,태풍,2018,
5730000,태풍,2018,
5735000,태풍,2018,
4390000,태풍,2018,
4400000,태풍,2018,
4420000,태풍,2018,
4430000,태풍,2018,
4440000,태풍,2018,5355
5570000,태풍,2018,
4450000,태풍,2018,
4460000,태풍,2018,
4470000,태풍,2018,
4480000,태풍,2018,
4490000,태풍,2018,
5650000,태풍,2018,9591
5660000,태풍,2018,
4500000,태풍,2018,
4510000,태풍,2018,
4520000,태풍,2018,
4530000,태풍,2018,
4540000,태풍,2018,
5580000,태풍,2018,
5680000,태풍,2018,
4550000,태풍,2018,
4570000,태풍,2018,
4580000,태풍,2018,
4590000,태풍,2018,
4600000,태풍,2018,
4610000,태풍,2018,
4620000,태풍,2018,
4640000,태풍,2018,
4650000,태풍,2018,
4660000,태풍,2018,
4670000,태풍,2018,
4680000,태풍,2018,26376
4690000,태풍,2018,
4700000,태풍,2018,2505
4710000,태풍,2018,
4720000,태풍,2018,42000
4730000,태풍,2018,
4740000,태풍,2018,46931
4750000,태풍,2018,25298
4760000,태풍,2018,
4770000,태풍,2018,41225
4780000,태풍,2018,
4790000,태풍,2018,19918
4800000,태풍,2018,900
4810000,태풍,2018,85681
4820000,태풍,2018,7920
4830000,태풍,2018,101943
4840000,태풍,2018,1662
4850000,태풍,2018,2474
4860000,태풍,2018,20578
4870000,태풍,2018,
4880000,태풍,2018,2967117
4890000,태풍,2018,387106
4900000,태풍,2018,1398
4910000,태풍,2018,1115389
4920000,태풍,2018,137705
4930000,태풍,2018,699632
4940000,태풍,2018,33330
4950000,태풍,2018,86042
4960000,태풍,2018,15609
4970000,태풍,2018,13895
4980000,태풍,2018,10769
4990000,태풍,2018,7170181
5000000,태풍,2018,858830
5010000,태풍,2018,1309547
5020000,태풍,2018,
5030000,태풍,2018,628400
5040000,태풍,2018,1482285
5050000,태풍,2018,6706645
5060000,태풍,2018,281128
5070000,태풍,2018,58356
5080000,태풍,2018,3025
5090000,태풍,2018,136882
5100000,태풍,2018,
5110000,태풍,2018,
5120000,태풍,2018,10719
5130000,태풍,2018,
5140000,태풍,2018,
5150000,태풍,2018,130205
5160000,태풍,2018,1406212
5170000,태풍,2018,
5180000,태풍,2018,14128196
5190000,태풍,2018,111689
5200000,태풍,2018,
5210000,태풍,2018,5162
5220000,태풍,2018,
5230000,태풍,2018,
5240000,태풍,2018,88925
5250000,태풍,2018,278245
5260000,태풍,2018,146395
5670000,태풍,2018,
5670123,태풍,2018,569
5670140,태풍,2018,21000
5670156,태풍,2018,169699
5670184,태풍,2018,16341
5670206,태풍,2018,269328
5310000,태풍,2018,900
5330000,태풍,2018,1586570
5340000,태풍,2018,500000
5350000,태풍,2018,168397
5360000,태풍,2018,1050004
5370000,태풍,2018,6169308
5380000,태풍,2018,27457
5390000,태풍,2018,42801
5400000,태풍,2018,30000
5410000,태풍,2018,24609
5420000,태풍,2018,94708
5430000,태풍,2018,1389986
5440000,태풍,2018,61933
5450000,태풍,2018,72593
5460000,태풍,2018,23409
5470000,태풍,2018,
5480000,태풍,2018,28053
6510000,태풍,2018,883492
6520000,태풍,2018,1107052
3280000,"태풍,호우",2018,48269
3340000,"태풍,호우",2018,900
3360000,"태풍,호우",2018,21000
3370000,"태풍,호우",2018,120000
3400000,"태풍,호우",2018,117
3660000,"태풍,호우",2018,29380
3720000,"태풍,호우",2018,900
3730000,"태풍,호우",2018,900
3790000,"태풍,호우",2018,2700
3910000,"태풍,호우",2018,437
5560000,"태풍,호우",2018,1800
3950000,"태풍,호우",2018,900
4100100,"태풍,호우",2018,900
4000000,"태풍,호우",2018,
4010000,"태풍,호우",2018,900
5620000,"태풍,호우",2018,36000
5640000,"태풍,호우",2018,
4070000,"태풍,호우",2018,1606
4080000,"태풍,호우",2018,
5530000,"태풍,호우",2018,24018
5540000,"태풍,호우",2018,18031
5590000,"태풍,호우",2018,149
5700000,"태풍,호우",2018,106
4170000,"태풍,호우",2018,50375
4220000,"태풍,호우",2018,700
4300000,"태풍,호우",2018,700
5725000,"태풍,호우",2018,631
5730000,"태풍,호우",2018,795
5735000,"태풍,호우",2018,180
4470000,"태풍,호우",2018,
4480000,"태풍,호우",2018,55696
5650000,"태풍,호우",2018,900
5660000,"태풍,호우",2018,
4500000,"태풍,호우",2018,
4510000,"태풍,호우",2018,194348
4520000,"태풍,호우",2018,
4540000,"태풍,호우",2018,2180
5680000,"태풍,호우",2018,
4550000,"태풍,호우",2018,
4570000,"태풍,호우",2018,56841
4580000,"태풍,호우",2018,133855
4590000,"태풍,호우",2018,6322
4610000,"태풍,호우",2018,
4620000,"태풍,호우",2018,900
4650000,"태풍,호우",2018,21000
4660000,"태풍,호우",2018,
4670000,"태풍,호우",2018,58190
4680000,"태풍,호우",2018,29010
4690000,"태풍,호우",2018,
4700000,"태풍,호우",2018,90067
4710000,"태풍,호우",2018,271
4720000,"태풍,호우",2018,3450
4730000,"태풍,호우",2018,
4740000,"태풍,호우",2018,2309
4750000,"태풍,호우",2018,89404
4760000,"태풍,호우",2018,8318
4780000,"태풍,호우",2018,5842
4790000,"태풍,호우",2018,7888
4810000,"태풍,호우",2018,21000
4820000,"태풍,호우",2018,
4830000,"태풍,호우",2018,89907
4840000,"태풍,호우",2018,
4850000,"태풍,호우",2018,
4860000,"태풍,호우",2018,
4880000,"태풍,호우",2018,
4890000,"태풍,호우",2018,2810638
4900000,"태풍,호우",2018,8624
4910000,"태풍,호우",2018,186290
4920000,"태풍,호우",2018,24197
4930000,"태풍,호우",2018,48132
4940000,"태풍,호우",2018,970
4950000,"태풍,호우",2018,57442
4960000,"태풍,호우",2018,383010
4970000,"태풍,호우",2018,9502
4980000,"태풍,호우",2018,
4990000,"태풍,호우",2018,
5000000,"태풍,호우",2018,
5010000,"태풍,호우",2018,315832
5030000,"태풍,호우",2018,
5040000,"태풍,호우",2018,245437
5050000,"태풍,호우",2018,116983
5060000,"태풍,호우",2018,
5070000,"태풍,호우",2018,12043
5080000,"태풍,호우",2018,182677
5090000,"태풍,호우",2018,1813
5140000,"태풍,호우",2018,
5150000,"태풍,호우",2018,50633
5160000,"태풍,호우",2018,
5170000,"태풍,호우",2018,82064
5180000,"태풍,호우",2018,126000
5190000,"태풍,호우",2018,66971
5210000,"태풍,호우",2018,
5220000,"태풍,호우",2018,30
5230000,"태풍,호우",2018,7397
5310000,"태풍,호우",2018,80
5330000,"태풍,호우",2018,83431
5340000,"태풍,호우",2018,742
5350000,"태풍,호우",2018,21000
5360000,"태풍,호우",2018,316
5370000,"태풍,호우",2018,223504
5380000,"태풍,호우",2018,89276
5390000,"태풍,호우",2018,
5400000,"태풍,호우",2018,
5440000,"태풍,호우",2018,886
5460000,"태풍,호우",2018,437
5470000,"태풍,호우",2018,
5480000,"태풍,호우",2018,13385
6510000,"태풍,호우",2018,7014
3000000,호우,2019,
3030000,호우,2019,
3050000,호우,2019,
3060000,호우,2019,
3070000,호우,2019,
3080000,호우,2019,
3090000,호우,2019,
3100000,호우,2019,
3110000,호우,2019,
3120000,호우,2019,
3130000,호우,2019,
3140000,호우,2019,
3150000,호우,2019,
3160000,호우,2019,21000
3180000,호우,2019,
3190000,호우,2019,21000
3200000,호우,2019,
3210000,호우,2019,21000
3220000,호우,2019,
3240000,호우,2019,
3250000,호우,2019,
3260000,호우,2019,
3270000,호우,2019,
3280000,호우,2019,
3290000,호우,2019,
3300000,호우,2019,
3310000,호우,2019,
3320000,호우,2019,
3330000,호우,2019,
3340000,호우,2019,
3350000,호우,2019,
3360000,호우,2019,
3370000,호우,2019,
3380000,호우,2019,
3390000,호우,2019,
3400000,호우,2019,
3420000,호우,2019,
3450000,호우,2019,
3460000,호우,2019,
3480000,호우,2019,
3490000,호우,2019,
3500000,호우,2019,
3510500,호우,2019,
3520000,호우,2019,
3530000,호우,2019,
3540000,호우,2019,2744
3550000,호우,2019,
3560000,호우,2019,
3570000,호우,2019,
3580000,호우,2019,
3590000,호우,2019,462
3600000,호우,2019,
3610000,호우,2019,
3620000,호우,2019,
3630000,호우,2019,
3640000,호우,2019,
3650000,호우,2019,
3660000,호우,2019,
3670000,호우,2019,
3680000,호우,2019,5100
3720000,호우,2019,59716
3730000,호우,2019,5511819
5690000,호우,2019,2700
3740000,호우,2019,
3750000,호우,2019,5400
3760000,호우,2019,900
3770000,호우,2019,
5610000,호우,2019,
3790000,호우,2019,1800
3800000,호우,2019,
3810000,호우,2019,
3820000,호우,2019,2700
3840000,호우,2019,900
3850000,호우,2019,3600
3860000,호우,2019,
3900000,호우,2019,1800
3910000,호우,2019,207300
3920000,호우,2019,
3930000,호우,2019,
5550000,호우,2019,6300
5560000,호우,2019,7200
3940000,호우,2019,
3950000,호우,2019,27000
3960100,호우,2019,7200
4100100,호우,2019,900
3970000,호우,2019,
3980000,호우,2019,
3990000,호우,2019,9000
4000000,호우,2019,
4010000,호우,2019,11700
4020000,호우,2019,
4030000,호우,2019,900
4040000,호우,2019,3600
4050000,호우,2019,
5620000,호우,2019,32373
5630000,호우,2019,12600
5640000,호우,2019,
4060000,호우,2019,115315
4070000,호우,2019,
4080000,호우,2019,
4090000,호우,2019,34193
5530000,호우,2019,13800
5540000,호우,2019,41355
5590000,호우,2019,47781
5600000,호우,2019,135044
5700000,호우,2019,5161
4140000,호우,2019,
4160000,호우,2019,
4170000,호우,2019,
4180000,호우,2019,1
4190000,호우,2019,
4200000,호우,2019,
4220000,호우,2019,
4230000,호우,2019,
4240000,호우,2019,
4250000,호우,2019,
4260000,호우,2019,
4270000,호우,2019,1000
4280000,호우,2019,
4290000,호우,2019,
4300000,호우,2019,
4310000,호우,2019,
4320000,호우,2019,
4330000,호우,2019,
4340000,호우,2019,
4350000,호우,2019,
5710000,호우,2019,
5720000,호우,2019,
5725000,호우,2019,
5730000,호우,2019,
5735000,호우,2019,
4390000,호우,2019,
4400000,호우,2019,
4420000,호우,2019,
4430000,호우,2019,
4440000,호우,2019,
5570000,호우,2019,4625
4450000,호우,2019,
4460000,호우,2019,438
4470000,호우,2019,
4480000,호우,2019,
4490000,호우,2019,
5650000,호우,2019,1800
5660000,호우,2019,
4500000,호우,2019,1650
4510000,호우,2019,
4520000,호우,2019,42000
4530000,호우,2019,
4540000,호우,2019,
5580000,호우,2019,
5680000,호우,2019,
4550000,호우,2019,
4570000,호우,2019,4110
4580000,호우,2019,
4590000,호우,2019,
4600000,호우,2019,
4610000,호우,2019,
4620000,호우,2019,
4640000,호우,2019,
4650000,호우,2019,
4660000,호우,2019,
4670000,호우,2019,
4680000,호우,2019,
4690000,호우,2019,180160
4700000,호우,2019,465706
4710000,호우,2019,
4720000,호우,2019,
4730000,호우,2019,
4740000,호우,2019,
4750000,호우,2019,
4760000,호우,2019,
4770000,호우,2019,
4780000,호우,2019,
4790000,호우,2019,
4800000,호우,2019,
4810000,호우,2019,
4820000,호우,2019,
4830000,호우,2019,
4840000,호우,2019,
4850000,호우,2019,
4860000,호우,2019,
4870000,호우,2019,
4880000,호우,2019,
4890000,호우,2019,
4900000,호우,2019,21300
4910000,호우,2019,
4920000,호우,2019,
4930000,호우,2019,
4940000,호우,2019,
4950000,호우,2019,
4960000,호우,2019,
4970000,호우,2019,
4980000,호우,2019,
4990000,호우,2019,
5000000,호우,2019,
5010000,호우,2019,
5020000,호우,2019,
5030000,호우,2019,
5040000,호우,2019,
5050000,호우,2019,
5060000,호우,2019,
5070000,호우,2019,
5080000,호우,2019,
5090000,호우,2019,
5100000,호우,2019,
5110000,호우,2019,
5120000,호우,2019,
5130000,호우,2019,
5140000,호우,2019,
5150000,호우,2019,71611
5160000,호우,2019,
5170000,호우,2019,
5180000,호우,2019,
5190000,호우,2019,
5200000,호우,2019,
5210000,호우,2019,
5220000,호우,2019,
5230000,호우,2019,
5240000,호우,2019,
5250000,호우,2019,
5670000,호우,2019,
5670123,호우,2019,
5670140,호우,2019,
5670156,호우,2019,1000
5670206,호우,2019,
5310000,호우,2019,
5330000,호우,2019,
5340000,호우,2019,
5350000,호우,2019,
5360000,호우,2019,
5370000,호우,2019,
5380000,호우,2019,
5390000,호우,2019,
5400000,호우,2019,
5410000,호우,2019,
5420000,호우,2019,
5440000,호우,2019,
5450000,호우,2019,
5460000,호우,2019,
5470000,호우,2019,42000
5480000,호우,2019,
6510000,호우,2019,2700
6520000,호우,2019,900
3420000,대설,2019,
3460000,대설,2019,
3480000,대설,2019,
3630000,대설,2019,
3730000,대설,2019,
3960100,대설,2019,
4100100,대설,2019,
3970000,대설,2019,
4070000,대설,2019,
4080000,대설,2019,
4090000,대설,2019,
5590000,대설,2019,
5700000,대설,2019,
4200000,대설,2019,
4220000,대설,2019,96227
4230000,대설,2019,
4280000,대설,2019,
4320000,대설,2019,
5710000,대설,2019,
4430000,대설,2019,
4440000,대설,2019,
4460000,대설,2019,
4480000,대설,2019,
5650000,대설,2019,
4500000,대설,2019,
4550000,대설,2019,
4640000,대설,2019,
4670000,대설,2019,
4700000,대설,2019,
4740000,대설,2019,
4750000,대설,2019,
4770000,대설,2019,
4780000,대설,2019,
4790000,대설,2019,
4850000,대설,2019,
4950000,대설,2019,
4970000,대설,2019,
5030000,대설,2019,
5040000,대설,2019,
5050000,대설,2019,
5060000,대설,2019,
5070000,대설,2019,
5080000,대설,2019,
5090000,대설,2019,575086
5100000,대설,2019,
5110000,대설,2019,
5120000,대설,2019,
5130000,대설,2019,
5140000,대설,2019,
5150000,대설,2019,
5160000,대설,2019,
5170000,대설,2019,
5190000,대설,2019,
5210000,대설,2019,
5220000,대설,2019,
5230000,대설,2019,
5240000,대설,2019,
5450000,대설,2019,
5460000,대설,2019,
5470000,대설,2019,
5480000,대설,2019,
6520000,대설,2019,
3260000,"풍랑,강풍",2019,
3300000,"풍랑,강풍",2019,
3340000,"풍랑,강풍",2019,
3360000,"풍랑,강풍",2019,
3400000,"풍랑,강풍",2019,
3550000,"풍랑,강풍",2019,
3570000,"풍랑,강풍",2019,
3950000,"풍랑,강풍",2019,
3960100,"풍랑,강풍",2019,
4100100,"풍랑,강풍",2019,1349
5620000,"풍랑,강풍",2019,
4060000,"풍랑,강풍",2019,
4070000,"풍랑,강풍",2019,9278
4090000,"풍랑,강풍",2019,
5530000,"풍랑,강풍",2019,1921
5540000,"풍랑,강풍",2019,
5590000,"풍랑,강풍",2019,
5600000,"풍랑,강풍",2019,50328
4140000,"풍랑,강풍",2019,
4160000,"풍랑,강풍",2019,55470
4200000,"풍랑,강풍",2019,21000
4220000,"풍랑,강풍",2019,
4240000,"풍랑,강풍",2019,
4250000,"풍랑,강풍",2019,
4280000,"풍랑,강풍",2019,
4300000,"풍랑,강풍",2019,
4310000,"풍랑,강풍",2019,
4340000,"풍랑,강풍",2019,72152
4350000,"풍랑,강풍",2019,
5720000,"풍랑,강풍",2019,
5735000,"풍랑,강풍",2019,
4390000,"풍랑,강풍",2019,
4430000,"풍랑,강풍",2019,
5570000,"풍랑,강풍",2019,
4450000,"풍랑,강풍",2019,
4740000,"풍랑,강풍",2019,
5010000,"풍랑,강풍",2019,900
5030000,"풍랑,강풍",2019,
5040000,"풍랑,강풍",2019,
5050000,"풍랑,강풍",2019,
5070000,"풍랑,강풍",2019,
5090000,"풍랑,강풍",2019,7698
5110000,"풍랑,강풍",2019,
5120000,"풍랑,강풍",2019,
5170000,"풍랑,강풍",2019,
5180000,"풍랑,강풍",2019,
5190000,"풍랑,강풍",2019,
5370000,"풍랑,강풍",2019,
5380000,"풍랑,강풍",2019,
5400000,"풍랑,강풍",2019,253493
5430000,"풍랑,강풍",2019,
5460000,"풍랑,강풍",2019,
6510000,"풍랑,강풍",2019,
6520000,"풍랑,강풍",2019,
3120000,태풍,2019,
3160000,태풍,2019,21000
3190000,태풍,2019,21000
3210000,태풍,2019,21000
3250000,태풍,2019,
3260000,태풍,2019,79020
3270000,태풍,2019,2000
3280000,태풍,2019,34450
3290000,태풍,2019,27300
3300000,태풍,2019,109827
3310000,태풍,2019,344249
3320000,태풍,2019,5000
3330000,태풍,2019,237800
3340000,태풍,2019,734121
3350000,태풍,2019,
3360000,태풍,2019,1146
3370000,태풍,2019,
3380000,태풍,2019,12600
3390000,태풍,2019,9668
3400000,태풍,2019,334427
3480000,태풍,2019,19190
3490000,태풍,2019,194658
3500000,태풍,2019,176211
3510500,태풍,2019,40312
3520000,태풍,2019,60754
3530000,태풍,2019,1055480
3540000,태풍,2019,84585
3550000,태풍,2019,167623
3560000,태풍,2019,531730
3570000,태풍,2019,7094173
3580000,태풍,2019,998377
3590000,태풍,2019,1438
3600000,태풍,2019,24025
3610000,태풍,2019,430
3620000,태풍,2019,
3630000,태풍,2019,
3640000,태풍,2019,1466
3650000,태풍,2019,
3660000,태풍,2019,
3670000,태풍,2019,
3680000,태풍,2019,
3690000,태풍,2019,2503
3700000,태풍,2019,29018
3710000,태풍,2019,
3720000,태풍,2019,49653
3730000,태풍,2019,2915302
5690000,태풍,2019,9900
3750000,태풍,2019,
3760000,태풍,2019,
3790000,태풍,2019,
3810000,태풍,2019,3605
3820000,태풍,2019,
3860000,태풍,2019,
3900000,태풍,2019,7812
3910000,태풍,2019,286327
3920000,태풍,2019,66538
5550000,태풍,2019,5903
5560000,태풍,2019,
3950000,태풍,2019,382779
3960100,태풍,2019,129243
4100100,태풍,2019,330893
3970000,태풍,2019,7467
3980000,태풍,2019,
3990000,태풍,2019,53275
4000000,태풍,2019,29800
4010000,태풍,2019,28737
4030000,태풍,2019,
4040000,태풍,2019,4407
5620000,태풍,2019,5492
4060000,태풍,2019,410916
4070000,태풍,2019,48845
4080000,태풍,2019,696318
4090000,태풍,2019,1453458
5530000,태풍,2019,260388
5540000,태풍,2019,16347
5590000,태풍,2019,886634
5600000,태풍,2019,188183
5700000,태풍,2019,45317
4140000,태풍,2019,426711
4160000,태풍,2019,133018
4170000,태풍,2019,12534
4180000,태풍,2019,3000
4190000,태풍,2019,16594
4200000,태풍,2019,6242258
4210000,태풍,2019,3415517
4220000,태풍,2019,8423
4230000,태풍,2019,
4240000,태풍,2019,22112471
4250000,태풍,2019,168172
4260000,태풍,2019,60249
4270000,태풍,2019,
4280000,태풍,2019,39110
4290000,태풍,2019,4950
4300000,태풍,2019,85110
4310000,태풍,2019,222068
4320000,태풍,2019,7703
4330000,태풍,2019,1133
4340000,태풍,2019,80000
4350000,태풍,2019,275751
5710000,태풍,2019,
5720000,태풍,2019,21718
5725000,태풍,2019,7622
5730000,태풍,2019,23039
5735000,태풍,2019,10825
4390000,태풍,2019,74396
4400000,태풍,2019,6871
4420000,태풍,2019,17316
4430000,태풍,2019,7029
4440000,태풍,2019,21045
5570000,태풍,2019,48582
4450000,태풍,2019,205365
4460000,태풍,2019,236299
4470000,태풍,2019,176984
4480000,태풍,2019,6400
4490000,태풍,2019,
5650000,태풍,2019,234695
5660000,태풍,2019,206626
4500000,태풍,2019,71768
4510000,태풍,2019,335292
4520000,태풍,2019,131066
4530000,태풍,2019,773537
4540000,태풍,2019,70610
5580000,태풍,2019,
5680000,태풍,2019,40152
4550000,태풍,2019,42258
4570000,태풍,2019,143344
4580000,태풍,2019,1056
4590000,태풍,2019,43844
4600000,태풍,2019,684638
4610000,태풍,2019,505252
4620000,태풍,2019,2369144
4640000,태풍,2019,
4650000,태풍,2019,8348
4660000,태풍,2019,28312
4670000,태풍,2019,426743
4680000,태풍,2019,57373
4690000,태풍,2019,221140
4700000,태풍,2019,39204
4710000,태풍,2019,3553
4720000,태풍,2019,312570
4730000,태풍,2019,50146
4740000,태풍,2019,305003
4750000,태풍,2019,133219
4760000,태풍,2019,
4770000,태풍,2019,40048
4780000,태풍,2019,280668
4790000,태풍,2019,481643
4800000,태풍,2019,379477
4810000,태풍,2019,493090
4820000,태풍,2019,313677
4830000,태풍,2019,47157
4840000,태풍,2019,
4850000,태풍,2019,11072
4860000,태풍,2019,115297
4870000,태풍,2019,37313
4880000,태풍,2019,76563
4890000,태풍,2019,458858
4900000,태풍,2019,485336
4910000,태풍,2019,445292
4920000,태풍,2019,211657
4930000,태풍,2019,7042260
4940000,태풍,2019,60846
4950000,태풍,2019,146818
4960000,태풍,2019,20209
4970000,태풍,2019,237764
4980000,태풍,2019,8976
4990000,태풍,2019,211050
5000000,태풍,2019,4615210
5010000,태풍,2019,4079249
5020000,태풍,2019,
5030000,태풍,2019,2072147
5040000,태풍,2019,3836727
5050000,태풍,2019,12527696
5060000,태풍,2019,2299977
5070000,태풍,2019,64340
5080000,태풍,2019,271
5090000,태풍,2019,16497
5100000,태풍,2019,1800
5110000,태풍,2019,149834
5120000,태풍,2019,
5130000,태풍,2019,
5140000,태풍,2019,3482
5150000,태풍,2019,1400
5160000,태풍,2019,555965
5170000,태풍,2019,2203315
5180000,태풍,2019,29811545
5190000,태풍,2019,445115
5200000,태풍,2019,842690
5210000,태풍,2019,6579107
5220000,태풍,2019,
5230000,태풍,2019,
5240000,태풍,2019,
5250000,태풍,2019,54077133
5260000,태풍,2019,1400560
5670000,태풍,2019,
5670123,태풍,2019,781757
5670140,태풍,2019,207856
5670156,태풍,2019,715967
5670184,태풍,2019,1517937
5670206,태풍,2019,97027
5310000,태풍,2019,162944
5330000,태풍,2019,1393052
5340000,태풍,2019,172308
5350000,태풍,2019,831818
5360000,태풍,2019,834523
5370000,태풍,2019,133405
5380000,태풍,2019,297462
5390000,태풍,2019,463437
5400000,태풍,2019,919349
5410000,태풍,2019,378959
5420000,태풍,2019,153775
5430000,태풍,2019,284610
5440000,태풍,2019,250242
5450000,태풍,2019,243763
5460000,태풍,2019,69617
5470000,태풍,2019,373307
5480000,태풍,2019,534968
6510000,태풍,2019,1333321
6520000,태풍,2019,1210613
3280000,"태풍,호우",2019,
3340000,"태풍,호우",2019,
3360000,"태풍,호우",2019,
3370000,"태풍,호우",2019,
3400000,"태풍,호우",2019,
3660000,"태풍,호우",2019,
3720000,"태풍,호우",2019,
3730000,"태풍,호우",2019,
3790000,"태풍,호우",2019,
3910000,"태풍,호우",2019,
5560000,"태풍,호우",2019,
3950000,"태풍,호우",2019,
4100100,"태풍,호우",2019,
4000000,"태풍,호우",2019,
4010000,"태풍,호우",2019,
5620000,"태풍,호우",2019,
5640000,"태풍,호우",2019,
4070000,"태풍,호우",2019,
4080000,"태풍,호우",2019,
5530000,"태풍,호우",2019,
5540000,"태풍,호우",2019,
5590000,"태풍,호우",2019,
5700000,"태풍,호우",2019,
4170000,"태풍,호우",2019,
4220000,"태풍,호우",2019,
4300000,"태풍,호우",2019,
5725000,"태풍,호우",2019,
5730000,"태풍,호우",2019,
5735000,"태풍,호우",2019,
4470000,"태풍,호우",2019,
4480000,"태풍,호우",2019,
5650000,"태풍,호우",2019,
5660000,"태풍,호우",2019,
4500000,"태풍,호우",2019,
4510000,"태풍,호우",2019,
4520000,"태풍,호우",2019,
4540000,"태풍,호우",2019,
5680000,"태풍,호우",2019,
4550000,"태풍,호우",2019,
4570000,"태풍,호우",2019,
4580000,"태풍,호우",2019,
4590000,"태풍,호우",2019,
4610000,"태풍,호우",2019,
4620000,"태풍,호우",2019,
4650000,"태풍,호우",2019,
4660000,"태풍,호우",2019,
4670000,"태풍,호우",2019,
4680000,"태풍,호우",2019,
4690000,"태풍,호우",2019,
4700000,"태풍,호우",2019,
4710000,"태풍,호우",2019,
4720000,"태풍,호우",2019,
4730000,"태풍,호우",2019,
4740000,"태풍,호우",2019,
4750000,"태풍,호우",2019,
4760000,"태풍,호우",2019,
4780000,"태풍,호우",2019,
4790000,"태풍,호우",2019,
4810000,"태풍,호우",2019,
4820000,"태풍,호우",2019,
4830000,"태풍,호우",2019,
4840000,"태풍,호우",2019,
4850000,"태풍,호우",2019,
4860000,"태풍,호우",2019,
4880000,"태풍,호우",2019,
4890000,"태풍,호우",2019,
4900000,"태풍,호우",2019,
4910000,"태풍,호우",2019,
4920000,"태풍,호우",2019,
4930000,"태풍,호우",2019,
4940000,"태풍,호우",2019,
4950000,"태풍,호우",2019,
4960000,"태풍,호우",2019,
4970000,"태풍,호우",2019,
4980000,"태풍,호우",2019,
4990000,"태풍,호우",2019,
5000000,"태풍,호우",2019,
5010000,"태풍,호우",2019,
5030000,"태풍,호우",2019,
5040000,"태풍,호우",2019,
5050000,"태풍,호우",2019,
5060000,"태풍,호우",2019,
5070000,"태풍,호우",2019,
5080000,"태풍,호우",2019,
5090000,"태풍,호우",2019,
5140000,"태풍,호우",2019,
5150000,"태풍,호우",2019,
5160000,"태풍,호우",2019,
5170000,"태풍,호우",2019,
5180000,"태풍,호우",2019,
5190000,"태풍,호우",2019,
5210000,"태풍,호우",2019,
5220000,"태풍,호우",2019,
5230000,"태풍,호우",2019,
5310000,"태풍,호우",2019,
5330000,"태풍,호우",2019,
5340000,"태풍,호우",2019,
5350000,"태풍,호우",2019,
5360000,"태풍,호우",2019,
5370000,"태풍,호우",2019,
5380000,"태풍,호우",2019,
5390000,"태풍,호우",2019,
5400000,"태풍,호우",2019,
5440000,"태풍,호우",2019,
5460000,"태풍,호우",2019,
5470000,"태풍,호우",2019,
5480000,"태풍,호우",2019,
6510000,"태풍,호우",2019,
3030000,호우,2020,
3050000,호우,2020,1800
3060000,호우,2020,12600
3070000,호우,2020,189600
3080000,호우,2020,7200
3090000,호우,2020,
3100000,호우,2020,23400
3110000,호우,2020,
3120000,호우,2020,50100
3130000,호우,2020,2700
3140000,호우,2020,
3150000,호우,2020,180000
3160000,호우,2020,
3180000,호우,2020,84000
3190000,호우,2020,
3200000,호우,2020,
3210000,호우,2020,
3220000,호우,2020,
3240000,호우,2020,100800
3250000,호우,2020,21364
3260000,호우,2020,323410
3270000,호우,2020,570941
3280000,호우,2020,162673
3290000,호우,2020,1355000
3300000,호우,2020,967875
3310000,호우,2020,8607891
3320000,호우,2020,14208
3330000,호우,2020,2449164
3340000,호우,2020,117480
3350000,호우,2020,248488
3360000,호우,2020,4249
3370000,호우,2020,320000
3380000,호우,2020,47063
3390000,호우,2020,9628
3400000,호우,2020,2732661
3420000,호우,2020,
3450000,호우,2020,30147
3460000,호우,2020,
3480000,호우,2020,796098
3490000,호우,2020,38000
3500000,호우,2020,1800
3510500,호우,2020,
3520000,호우,2020,49274
3530000,호우,2020,
3540000,호우,2020,29064
3550000,호우,2020,34800
3560000,호우,2020,18900
3570000,호우,2020,35418
3580000,호우,2020,8398
3590000,호우,2020,6215341
3600000,호우,2020,3878260
3610000,호우,2020,4441111
3620000,호우,2020,14958838
3630000,호우,2020,9936512
3640000,호우,2020,3267058
3650000,호우,2020,1592363
3660000,호우,2020,1169625
3670000,호우,2020,964925
3680000,호우,2020,50432
3720000,호우,2020,
3730000,호우,2020,26000
5690000,호우,2020,1209740
3740000,호우,2020,
3750000,호우,2020,4000
3760000,호우,2020,26000
3770000,호우,2020,4000
5610000,호우,2020,2000
3790000,호우,2020,15300
3800000,호우,2020,7200
3810000,호우,2020,8100
3820000,호우,2020,38700
3840000,호우,2020,
3850000,호우,2020,
3860000,호우,2020,
3900000,호우,2020,31300
3910000,호우,2020,436525
3920000,호우,2020,92093
3930000,호우,2020,
5550000,호우,2020,4500
5560000,호우,2020,29286
3940000,호우,2020,
3950000,호우,2020,40645
3960100,호우,2020,16934
4100100,호우,2020,
3970000,호우,2020,
3980000,호우,2020,3600
3990000,호우,2020,1415560
4000000,호우,2020,2700
4010000,호우,2020,25100
4020000,호우,2020,25200
4030000,호우,2020,
4040000,호우,2020,115863
4050000,호우,2020,
5620000,호우,2020,6262543
5630000,호우,2020,220324
5640000,호우,2020,47615
4060000,호우,2020,2325592
4070000,호우,2020,16459990
4080000,호우,2020,27957169
4090000,호우,2020,83415
5530000,호우,2020,242512
5540000,호우,2020,17434
5590000,호우,2020,1401028
5600000,호우,2020,4453804
5700000,호우,2020,1188857
4140000,호우,2020,29259652
4160000,호우,2020,15157527
4170000,호우,2020,4815000
4180000,호우,2020,5302373
4190000,호우,2020,1234836
4200000,호우,2020,46976
4220000,호우,2020,
4230000,호우,2020,649160
4240000,호우,2020,366665
4250000,호우,2020,3323790
4260000,호우,2020,909842
4270000,호우,2020,4026418
4280000,호우,2020,307945
4290000,호우,2020,540056
4300000,호우,2020,60853743
4310000,호우,2020,11718117
4320000,호우,2020,9209560
4330000,호우,2020,12716060
4340000,호우,2020,5501258
4350000,호우,2020,3027451
5710000,호우,2020,
5720000,호우,2020,1268271
5725000,호우,2020,94648
5730000,호우,2020,339508
5735000,호우,2020,539246
4390000,호우,2020,90310222
4400000,호우,2020,71554224
4420000,호우,2020,522942
4430000,호우,2020,2918094
4440000,호우,2020,7719413
5570000,호우,2020,72605
4450000,호우,2020,5026627
4460000,호우,2020,3709340
4470000,호우,2020,26621626
4480000,호우,2020,39048627
4490000,호우,2020,
5650000,호우,2020,21340614
5660000,호우,2020,2449571
4500000,호우,2020,986554
4510000,호우,2020,1053253
4520000,호우,2020,20816595
4530000,호우,2020,1114453
4540000,호우,2020,2086809
5580000,호우,2020,662589
5680000,호우,2020,795707
4550000,호우,2020,16321752
4570000,호우,2020,444007
4580000,호우,2020,122598
4590000,호우,2020,192085
4600000,호우,2020,1874396
4610000,호우,2020,19146515
4620000,호우,2020,77964
4640000,호우,2020,
4650000,호우,2020,1726715
4660000,호우,2020,916381
4670000,호우,2020,1388186
4680000,호우,2020,232943
4690000,호우,2020,1187825
4700000,호우,2020,52010754
4710000,호우,2020,1643193
4720000,호우,2020,10257946
4730000,호우,2020,12356897
4740000,호우,2020,12079827
4750000,호우,2020,19941598
4760000,호우,2020,3894823
4770000,호우,2020,12024530
4780000,호우,2020,4353330
4790000,호우,2020,195011
4800000,호우,2020,11000
4810000,호우,2020,
4820000,호우,2020,3815198
4830000,호우,2020,24795656
4840000,호우,2020,6626891
4850000,호우,2020,50596222
4860000,호우,2020,29530422
4870000,호우,2020,41870137
4880000,호우,2020,
4890000,호우,2020,1828
4900000,호우,2020,13884644
4910000,호우,2020,147177
4920000,호우,2020,8364
4930000,호우,2020,
4940000,호우,2020,3600
4950000,호우,2020,193756
4960000,호우,2020,7552173
4970000,호우,2020,9149135
4980000,호우,2020,24830730
4990000,호우,2020,1850193
5000000,호우,2020,
5010000,호우,2020,100
5020000,호우,2020,
5030000,호우,2020,900
5040000,호우,2020,2850
5050000,호우,2020,235386
5060000,호우,2020,600884
5070000,호우,2020,397941
5080000,호우,2020,150260
5090000,호우,2020,392019
5100000,호우,2020,15286
5110000,호우,2020,1374296
5120000,호우,2020,583333
5130000,호우,2020,150714
5140000,호우,2020,
5150000,호우,2020,395614
5160000,호우,2020,125146
5170000,호우,2020,40618
5180000,호우,2020,2915557
5190000,호우,2020,188745
5200000,호우,2020,234358
5210000,호우,2020,1870132
5220000,호우,2020,567119
5230000,호우,2020,3061291
5240000,호우,2020,5579871
5250000,호우,2020,1353399
5670000,호우,2020,
5670123,호우,2020,120483
5670140,호우,2020,
5670156,호우,2020,247869
5670206,호우,2020,
5310000,호우,2020,435480
5330000,호우,2020,36
5340000,호우,2020,20451
5350000,호우,2020,900
5360000,호우,2020,765486
5370000,호우,2020,112887
5380000,호우,2020,1800
5390000,호우,2020,4050730
5400000,호우,2020,40900
5410000,호우,2020,1886927
5420000,호우,2020,
5440000,호우,2020,13936702
5450000,호우,2020,6321815
5460000,호우,2020,9528227
5470000,호우,2020,13641600
5480000,호우,2020,30640687
6510000,호우,2020,1635
6520000,호우,2020,
3420000,대설,2020,
3460000,대설,2020,
3480000,대설,2020,
3630000,대설,2020,
3730000,대설,2020,
3960100,대설,2020,
4100100,대설,2020,
3970000,대설,2020,
4070000,대설,2020,
4080000,대설,2020,
4090000,대설,2020,
5590000,대설,2020,
5700000,대설,2020,
4200000,대설,2020,
4220000,대설,2020,
4230000,대설,2020,
4280000,대설,2020,
4320000,대설,2020,
5710000,대설,2020,
4430000,대설,2020,
4440000,대설,2020,
4460000,대설,2020,
4480000,대설,2020,
5650000,대설,2020,
4500000,대설,2020,
4550000,대설,2020,
4640000,대설,2020,
4670000,대설,2020,
4700000,대설,2020,
4740000,대설,2020,
4750000,대설,2020,
4770000,대설,2020,
4780000,대설,2020,
4790000,대설,2020,
4850000,대설,2020,
4950000,대설,2020,
4970000,대설,2020,
5030000,대설,2020,
5040000,대설,2020,
5050000,대설,2020,
5060000,대설,2020,
5070000,대설,2020,
5080000,대설,2020,
5090000,대설,2020,
5100000,대설,2020,
5110000,대설,2020,
5120000,대설,2020,
5130000,대설,2020,
5140000,대설,2020,
5150000,대설,2020,
5160000,대설,2020,
5170000,대설,2020,
5190000,대설,2020,
5210000,대설,2020,
5220000,대설,2020,
5230000,대설,2020,
5240000,대설,2020,
5450000,대설,2020,
5460000,대설,2020,
5470000,대설,2020,
5480000,대설,2020,
6520000,대설,2020,
3260000,"풍랑,강풍",2020,
3300000,"풍랑,강풍",2020,
3340000,"풍랑,강풍",2020,
3360000,"풍랑,강풍",2020,
3400000,"풍랑,강풍",2020,21000
3550000,"풍랑,강풍",2020,
3570000,"풍랑,강풍",2020,
3950000,"풍랑,강풍",2020,800
3960100,"풍랑,강풍",2020,
4100100,"풍랑,강풍",2020,
5620000,"풍랑,강풍",2020,3500
4060000,"풍랑,강풍",2020,
4070000,"풍랑,강풍",2020,
4090000,"풍랑,강풍",2020,
5530000,"풍랑,강풍",2020,
5540000,"풍랑,강풍",2020,
5590000,"풍랑,강풍",2020,3272
5600000,"풍랑,강풍",2020,
4140000,"풍랑,강풍",2020,
4160000,"풍랑,강풍",2020,
4200000,"풍랑,강풍",2020,
4220000,"풍랑,강풍",2020,4950
4240000,"풍랑,강풍",2020,
4250000,"풍랑,강풍",2020,17944
4280000,"풍랑,강풍",2020,12622
4300000,"풍랑,강풍",2020,
4310000,"풍랑,강풍",2020,104815
4340000,"풍랑,강풍",2020,
4350000,"풍랑,강풍",2020,3525
5720000,"풍랑,강풍",2020,6994
5735000,"풍랑,강풍",2020,1455
4390000,"풍랑,강풍",2020,31311
4430000,"풍랑,강풍",2020,9462
5570000,"풍랑,강풍",2020,
4450000,"풍랑,강풍",2020,2205
4740000,"풍랑,강풍",2020,5984
5010000,"풍랑,강풍",2020,
5030000,"풍랑,강풍",2020,16023
5040000,"풍랑,강풍",2020,
5050000,"풍랑,강풍",2020,
5070000,"풍랑,강풍",2020,
5090000,"풍랑,강풍",2020,
5110000,"풍랑,강풍",2020,
5120000,"풍랑,강풍",2020,28081
5170000,"풍랑,강풍",2020,2000
5180000,"풍랑,강풍",2020,
5190000,"풍랑,강풍",2020,
5370000,"풍랑,강풍",2020,5897
5380000,"풍랑,강풍",2020,
5400000,"풍랑,강풍",2020,
5430000,"풍랑,강풍",2020,36611
5460000,"풍랑,강풍",2020,
6510000,"풍랑,강풍",2020,1000
6520000,"풍랑,강풍",2020,
3120000,태풍,2020,900
3160000,태풍,2020,
3190000,태풍,2020,
3210000,태풍,2020,
3250000,태풍,2020,24600
3260000,태풍,2020,113400
3270000,태풍,2020,29100
3280000,태풍,2020,275256
3290000,태풍,2020,128714
3300000,태풍,2020,
3310000,태풍,2020,304135
3320000,태풍,2020,31000
3330000,태풍,2020,61647
3340000,태풍,2020,244100
3350000,태풍,2020,
3360000,태풍,2020,312482
3370000,태풍,2020,900
3380000,태풍,2020,
3390000,태풍,2020,
3400000,태풍,2020,7122682
3480000,태풍,2020,28971
3490000,태풍,2020,
3500000,태풍,2020,
3510500,태풍,2020,
3520000,태풍,2020,
3530000,태풍,2020,
3540000,태풍,2020,
3550000,태풍,2020,
3560000,태풍,2020,
3570000,태풍,2020,
3580000,태풍,2020,
3590000,태풍,2020,
3600000,태풍,2020,
3610000,태풍,2020,35303
3620000,태풍,2020,593766
3630000,태풍,2020,191
3640000,태풍,2020,61139
3650000,태풍,2020,
3660000,태풍,2020,1186
3670000,태풍,2020,17579
3680000,태풍,2020,
3690000,태풍,2020,73085
3700000,태풍,2020,453829
3710000,태풍,2020,147000
3720000,태풍,2020,1149157
3730000,태풍,2020,2951234
5690000,태풍,2020,23488
3750000,태풍,2020,
3760000,태풍,2020,
3790000,태풍,2020,
3810000,태풍,2020,
3820000,태풍,2020,
3860000,태풍,2020,
3900000,태풍,2020,
3910000,태풍,2020,
3920000,태풍,2020,2700
5550000,태풍,2020,
5560000,태풍,2020,900
3950000,태풍,2020,3917
3960100,태풍,2020,
4100100,태풍,2020,
3970000,태풍,2020,
3980000,태풍,2020,
3990000,태풍,2020,21000
4000000,태풍,2020,
4010000,태풍,2020,
4030000,태풍,2020,
4040000,태풍,2020,
5620000,태풍,2020,
4060000,태풍,2020,
4070000,태풍,2020,131616
4080000,태풍,2020,44288
4090000,태풍,2020,431
5530000,태풍,2020,42204
5540000,태풍,2020,4167
5590000,태풍,2020,1800
5600000,태풍,2020,
5700000,태풍,2020,25502
4140000,태풍,2020,1549288
4160000,태풍,2020,2475
4170000,태풍,2020,23705
4180000,태풍,2020,46665
4190000,태풍,2020,6718
4200000,태풍,2020,7605718
4210000,태풍,2020,544200
4220000,태풍,2020,1030513
4230000,태풍,2020,6163862
4240000,태풍,2020,15787308
4250000,태풍,2020,15303
4260000,태풍,2020,
4270000,태풍,2020,
4280000,태풍,2020,4817905
4290000,태풍,2020,1085964
4300000,태풍,2020,
4310000,태풍,2020,8186
4320000,태풍,2020,20627
4330000,태풍,2020,8105157
4340000,태풍,2020,8693732
4350000,태풍,2020,19540789
5710000,태풍,2020,
5720000,태풍,2020,6452
5725000,태풍,2020,2979
5730000,태풍,2020,22696
5735000,태풍,2020,28134
4390000,태풍,2020,11851
4400000,태풍,2020,54964
4420000,태풍,2020,24
4430000,태풍,2020,117287
4440000,태풍,2020,1851279
5570000,태풍,2020,10534
4450000,태풍,2020,153736
4460000,태풍,2020,6083
4470000,태풍,2020,55116
4480000,태풍,2020,13992
4490000,태풍,2020,
5650000,태풍,2020,5501
5660000,태풍,2020,42928
4500000,태풍,2020,330
4510000,태풍,2020,7852
4520000,태풍,2020,250031
4530000,태풍,2020,131669
4540000,태풍,2020,13086
5580000,태풍,2020,
5680000,태풍,2020,30761
4550000,태풍,2020,63971
4570000,태풍,2020,2175
4580000,태풍,2020,
4590000,태풍,2020,30060
4600000,태풍,2020,16658
4610000,태풍,2020,187859
4620000,태풍,2020,113789
4640000,태풍,2020,
4650000,태풍,2020,50820
4660000,태풍,2020,
4670000,태풍,2020,16405
4680000,태풍,2020,42000
4690000,태풍,2020,46136
4700000,태풍,2020,54553
4710000,태풍,2020,56528
4720000,태풍,2020,72
4730000,태풍,2020,11663
4740000,태풍,2020,73627
4750000,태풍,2020,42944
4760000,태풍,2020,14819
4770000,태풍,2020,38389
4780000,태풍,2020,949576
4790000,태풍,2020,227999
4800000,태풍,2020,
4810000,태풍,2020,309044
4820000,태풍,2020,79500
4830000,태풍,2020,26859
4840000,태풍,2020,42000
4850000,태풍,2020,41086
4860000,태풍,2020,27607
4870000,태풍,2020,
4880000,태풍,2020,458001
4890000,태풍,2020,49559
4900000,태풍,2020,117987
4910000,태풍,2020,
4920000,태풍,2020,17632
4930000,태풍,2020,126195
4940000,태풍,2020,
4950000,태풍,2020,86840
4960000,태풍,2020,223560
4970000,태풍,2020,208971
4980000,태풍,2020,75542
4990000,태풍,2020,221247
5000000,태풍,2020,10551
5010000,태풍,2020,119195
5020000,태풍,2020,
5030000,태풍,2020,5135991
5040000,태풍,2020,2580391
5050000,태풍,2020,10054692
5060000,태풍,2020,427662
5070000,태풍,2020,83199
5080000,태풍,2020,21180
5090000,태풍,2020,52540
5100000,태풍,2020,142916
5110000,태풍,2020,23404
5120000,태풍,2020,3403
5130000,태풍,2020,45579
5140000,태풍,2020,123636
5150000,태풍,2020,12193
5160000,태풍,2020,5271634
5170000,태풍,2020,3284147
5180000,태풍,2020,7944541
5190000,태풍,2020,391048
5200000,태풍,2020,9582
5210000,태풍,2020,
5220000,태풍,2020,358424
5230000,태풍,2020,35364
5240000,태풍,2020,1767794
5250000,태풍,2020,15312679
5260000,태풍,2020,45791713
5670000,태풍,2020,
5670123,태풍,2020,307495
5670140,태풍,2020,59992
5670156,태풍,2020,343912
5670184,태풍,2020,
5670206,태풍,2020,134090
5310000,태풍,2020,49407
5330000,태풍,2020,266851
5340000,태풍,2020,35106
5350000,태풍,2020,399599
5360000,태풍,2020,2626128
5370000,태풍,2020,4737074
5380000,태풍,2020,7058198
5390000,태풍,2020,24882
5400000,태풍,2020,735412
5410000,태풍,2020,8697
5420000,태풍,2020,417112
5430000,태풍,2020,2511963
5440000,태풍,2020,18051
5450000,태풍,2020,16580
5460000,태풍,2020,88071
5470000,태풍,2020,534508
5480000,태풍,2020,2875
6510000,태풍,2020,3718012
6520000,태풍,2020,2815455
3280000,"태풍,호우",2020,
3340000,"태풍,호우",2020,
3360000,"태풍,호우",2020,
3370000,"태풍,호우",2020,
3400000,"태풍,호우",2020,
3660000,"태풍,호우",2020,
3720000,"태풍,호우",2020,
3730000,"태풍,호우",2020,
3790000,"태풍,호우",2020,
3910000,"태풍,호우",2020,
5560000,"태풍,호우",2020,
3950000,"태풍,호우",2020,
4100100,"태풍,호우",2020,
4000000,"태풍,호우",2020,
4010000,"태풍,호우",2020,
5620000,"태풍,호우",2020,
5640000,"태풍,호우",2020,
4070000,"태풍,호우",2020,
4080000,"태풍,호우",2020,
5530000,"태풍,호우",2020,
5540000,"태풍,호우",2020,
5590000,"태풍,호우",2020,
5700000,"태풍,호우",2020,
4170000,"태풍,호우",2020,
4220000,"태풍,호우",2020,
4300000,"태풍,호우",2020,
5725000,"태풍,호우",2020,
5730000,"태풍,호우",2020,
5735000,"태풍,호우",2020,
4470000,"태풍,호우",2020,
4480000,"태풍,호우",2020,
5650000,"태풍,호우",2020,
5660000,"태풍,호우",2020,
4500000,"태풍,호우",2020,
4510000,"태풍,호우",2020,
4520000,"태풍,호우",2020,
4540000,"태풍,호우",2020,
5680000,"태풍,호우",2020,
4550000,"태풍,호우",2020,
4570000,"태풍,호우",2020,
4580000,"태풍,호우",2020,
4590000,"태풍,호우",2020,
4610000,"태풍,호우",2020,
4620000,"태풍,호우",2020,
4650000,"태풍,호우",2020,
4660000,"태풍,호우",2020,
4670000,"태풍,호우",2020,
4680000,"태풍,호우",2020,
4690000,"태풍,호우",2020,
4700000,"태풍,호우",2020,
4710000,"태풍,호우",2020,
4720000,"태풍,호우",2020,
4730000,"태풍,호우",2020,
4740000,"태풍,호우",2020,
4750000,"태풍,호우",2020,
4760000,"태풍,호우",2020,
4780000,"태풍,호우",2020,
4790000,"태풍,호우",2020,
4810000,"태풍,호우",2020,
4820000,"태풍,호우",2020,
4830000,"태풍,호우",2020,
4840000,"태풍,호우",2020,
4850000,"태풍,호우",2020,
4860000,"태풍,호우",2020,
4880000,"태풍,호우",2020,
4890000,"태풍,호우",2020,
4900000,"태풍,호우",2020,
4910000,"태풍,호우",2020,
4920000,"태풍,호우",2020,
4930000,"태풍,호우",2020,
4940000,"태풍,호우",2020,
4950000,"태풍,호우",2020,
4960000,"태풍,호우",2020,
4970000,"태풍,호우",2020,
4980000,"태풍,호우",2020,
4990000,"태풍,호우",2020,
5000000,"태풍,호우",2020,
5010000,"태풍,호우",2020,
5030000,"태풍,호우",2020,
5040000,"태풍,호우",2020,
5050000,"태풍,호우",2020,
5060000,"태풍,호우",2020,
5070000,"태풍,호우",2020,
5080000,"태풍,호우",2020,
5090000,"태풍,호우",2020,
5140000,"태풍,호우",2020,
5150000,"태풍,호우",2020,
5160000,"태풍,호우",2020,
5170000,"태풍,호우",2020,
5180000,"태풍,호우",2020,
5190000,"태풍,호우",2020,
5210000,"태풍,호우",2020,
5220000,"태풍,호우",2020,
5230000,"태풍,호우",2020,
5310000,"태풍,호우",2020,
5330000,"태풍,호우",2020,
5340000,"태풍,호우",2020,
5350000,"태풍,호우",2020,
5360000,"태풍,호우",2020,
5370000,"태풍,호우",2020,
5380000,"태풍,호우",2020,
5390000,"태풍,호우",2020,
5400000,"태풍,호우",2020,
5440000,"태풍,호우",2020,
5460000,"태풍,호우",2020,
5470000,"태풍,호우",2020,
5480000,"태풍,호우",2020,
6510000,"태풍,호우",2020,
3030000,호우,,
3050000,호우,,
3060000,호우,,
3070000,호우,,
3080000,호우,,
3090000,호우,,
3100000,호우,,
3110000,호우,,
3120000,호우,,
3130000,호우,,
3140000,호우,,
3150000,호우,,
3160000,호우,,
3180000,호우,,
3190000,호우,,
3200000,호우,,
3210000,호우,,
3220000,호우,,
3240000,호우,,
3250000,호우,14532,
3260000,호우,8000,
3270000,호우,4000,
3280000,호우,,
3290000,호우,384583,
3300000,호우,2000,
3310000,호우,4319,
3320000,호우,,
3330000,호우,40271,
3340000,호우,10000,
3350000,호우,,
3360000,호우,2000,
3370000,호우,,
3380000,호우,,
3390000,호우,59627,
3400000,호우,106942,
3420000,호우,,
3450000,호우,,
3460000,호우,,
3480000,호우,35000,
3490000,호우,18000,
3500000,호우,,
3510500,호우,,
3520000,호우,,
3530000,호우,,
3540000,호우,,
3550000,호우,,
3560000,호우,4000,
3570000,호우,,
3580000,호우,,
3590000,호우,,
3600000,호우,2000,
3610000,호우,69858,
3620000,호우,78318,
3630000,호우,,
3640000,호우,,
3650000,호우,,
3660000,호우,,
3670000,호우,,
3680000,호우,,
3720000,호우,,
3730000,호우,,
5690000,호우,,
3740000,호우,8000,
3750000,호우,,
3760000,호우,,
3770000,호우,,
5610000,호우,,
3790000,호우,,
3800000,호우,,
3810000,호우,,
3820000,호우,,
3840000,호우,,
3850000,호우,,
3860000,호우,,
3900000,호우,,
3910000,호우,6000,
3920000,호우,,
3930000,호우,2000,
5550000,호우,,
5560000,호우,,
3940000,호우,14000,
3950000,호우,,
3960100,호우,,
4100100,호우,,
3970000,호우,,
3980000,호우,,
3990000,호우,,
4000000,호우,,
4010000,호우,,
4020000,호우,,
4030000,호우,,
4040000,호우,,
4050000,호우,2000,
5620000,호우,,
5630000,호우,,
5640000,호우,,
4060000,호우,,
4070000,호우,33571,
4080000,호우,,
4090000,호우,7000,
5530000,호우,,
5540000,호우,,
5590000,호우,10000,
5600000,호우,,
5700000,호우,650,
4140000,호우,,
4160000,호우,,
4170000,호우,,
4180000,호우,2000,
4190000,호우,8622,
4200000,호우,,
4220000,호우,,
4230000,호우,10000,
4240000,호우,,
4250000,호우,,
4260000,호우,,
4270000,호우,,
4280000,호우,419239,
4290000,호우,,
4300000,호우,,
4310000,호우,,
4320000,호우,,
4330000,호우,,
4340000,호우,,
4350000,호우,,
5710000,호우,2000,
5720000,호우,,
5725000,호우,,
5730000,호우,,
5735000,호우,,
4390000,호우,334057,
4400000,호우,39153,
4420000,호우,,
4430000,호우,554,
4440000,호우,2000,
5570000,호우,4723,
4450000,호우,,
4460000,호우,16792,
4470000,호우,,
4480000,호우,139024,
4490000,호우,45314,
5650000,호우,,
5660000,호우,,
4500000,호우,943441,
4510000,호우,23609,
4520000,호우,206646,
4530000,호우,740571,
4540000,호우,2000,
5580000,호우,,
5680000,호우,289359,
4550000,호우,27810,
4570000,호우,,
4580000,호우,,
4590000,호우,,
4600000,호우,1143333,
4610000,호우,,
4620000,호우,2018,
4640000,호우,26410,
4650000,호우,,
4660000,호우,,
4670000,호우,,
4680000,호우,69776,
4690000,호우,123560,
4700000,호우,557148,
4710000,호우,4405,
4720000,호우,94371,
4730000,호우,7100,
4740000,호우,64750,
4750000,호우,4551,
4760000,호우,44760,
4770000,호우,,
4780000,호우,1027,
4790000,호우,,
4800000,호우,,
4810000,호우,79424,
4820000,호우,877429,
4830000,호우,58566,
4840000,호우,748153,
4850000,호우,1253557,
4860000,호우,,
4870000,호우,86826,
4880000,호우,380946,
4890000,호우,375648,
4900000,호우,98763,
4910000,호우,6397570,
4920000,호우,6809073,
4930000,호우,9141108,
4940000,호우,714061,
4950000,호우,8000,
4960000,호우,5423,
4970000,호우,3935,
4980000,호우,2000,
4990000,호우,,
5000000,호우,3407640,
5010000,호우,26000,
5020000,호우,2000,
5030000,호우,,
5040000,호우,,
5050000,호우,,
5060000,호우,,
5070000,호우,148265,
5080000,호우,,
5090000,호우,12965,
5100000,호우,,
5110000,호우,,
5120000,호우,22344,
5130000,호우,,
5140000,호우,,
5150000,호우,101561,
5160000,호우,,
5170000,호우,,
5180000,호우,,
5190000,호우,1648,
5200000,호우,,
5210000,호우,,
5220000,호우,,
5230000,호우,,
5240000,호우,,
5250000,호우,,
5670000,호우,1917846,
5670123,호우,,
5670140,호우,,
5670156,호우,,
5670206,호우,,
5310000,호우,5355,
5330000,호우,,
5340000,호우,10353,
5350000,호우,4978,
5360000,호우,91563,
5370000,호우,77164,
5380000,호우,38993,
5390000,호우,,
5400000,호우,12701,
5410000,호우,25885,
5420000,호우,1316916,
5440000,호우,15824,
5450000,호우,,
5460000,호우,,
5470000,호우,2374,
5480000,호우,6353,
6510000,호우,4000,
6520000,호우,,
3420000,대설,,
3460000,대설,,
3480000,대설,,
3630000,대설,,
3730000,대설,,
3960100,대설,,
4100100,대설,,
3970000,대설,,
4070000,대설,5680,
4080000,대설,3300,
4090000,대설,,
5590000,대설,,
5700000,대설,33085,
4200000,대설,654080,
4220000,대설,,
4230000,대설,22026,
4280000,대설,98700,
4320000,대설,2394020,
5710000,대설,37913,
4430000,대설,,
4440000,대설,,
4460000,대설,,
4480000,대설,,
5650000,대설,,
4500000,대설,,
4550000,대설,200,
4640000,대설,,
4670000,대설,,
4700000,대설,,
4740000,대설,,
4750000,대설,,
4770000,대설,7257,
4780000,대설,,
4790000,대설,,
4850000,대설,,
4950000,대설,249288,
4970000,대설,3935,
5030000,대설,,
5040000,대설,,
5050000,대설,,
5060000,대설,,
5070000,대설,,
5080000,대설,,
5090000,대설,,
5100000,대설,,
5110000,대설,,
5120000,대설,,
5130000,대설,,
5140000,대설,,
5150000,대설,,
5160000,대설,,
5170000,대설,,
5190000,대설,,
5210000,대설,,
5220000,대설,,
5230000,대설,,
5240000,대설,,
5450000,대설,,
5460000,대설,,
5470000,대설,,
5480000,대설,,
6520000,대설,17973,
3260000,"풍랑,강풍",,
3300000,"풍랑,강풍",,
3340000,"풍랑,강풍",,
3360000,"풍랑,강풍",,
3400000,"풍랑,강풍",,
3550000,"풍랑,강풍",,
3570000,"풍랑,강풍",,
3950000,"풍랑,강풍",,
3960100,"풍랑,강풍",,
4100100,"풍랑,강풍",,
5620000,"풍랑,강풍",,
4060000,"풍랑,강풍",,
4070000,"풍랑,강풍",,
4090000,"풍랑,강풍",,
5530000,"풍랑,강풍",,
5540000,"풍랑,강풍",,
5590000,"풍랑,강풍",,
5600000,"풍랑,강풍",,
4140000,"풍랑,강풍",,
4160000,"풍랑,강풍",,
4200000,"풍랑,강풍",,
4220000,"풍랑,강풍",,
4240000,"풍랑,강풍",,
4250000,"풍랑,강풍",,
4280000,"풍랑,강풍",,
4300000,"풍랑,강풍",,
4310000,"풍랑,강풍",,
4340000,"풍랑,강풍",,
4350000,"풍랑,강풍",,
5720000,"풍랑,강풍",,
5735000,"풍랑,강풍",,
4390000,"풍랑,강풍",,
4430000,"풍랑,강풍",,
5570000,"풍랑,강풍",,
4450000,"풍랑,강풍",,
4740000,"풍랑,강풍",,
5010000,"풍랑,강풍",,
5030000,"풍랑,강풍",,
5040000,"풍랑,강풍",,
5050000,"풍랑,강풍",,
5070000,"풍랑,강풍",,
5090000,"풍랑,강풍",,
5110000,"풍랑,강풍",,
5120000,"풍랑,강풍",,
5170000,"풍랑,강풍",,
5180000,"풍랑,강풍",,
5190000,"풍랑,강풍",,
5370000,"풍랑,강풍",,
5380000,"풍랑,강풍",,
5400000,"풍랑,강풍",,
5430000,"풍랑,강풍",,
5460000,"풍랑,강풍",,
6510000,"풍랑,강풍",,
6520000,"풍랑,강풍",,
3120000,태풍,,
3160000,태풍,,
3190000,태풍,,
3210000,태풍,,
3250000,태풍,,
3260000,태풍,,
3270000,태풍,2000,
3280000,태풍,,
3290000,태풍,16000,
3300000,태풍,16000,
3310000,태풍,,
3320000,태풍,2036,
3330000,태풍,,
3340000,태풍,,
3350000,태풍,104861,
3360000,태풍,192742,
3370000,태풍,28000,
3380000,태풍,,
3390000,태풍,97966,
3400000,태풍,738525,
3480000,태풍,21669,
3490000,태풍,,
3500000,태풍,,
3510500,태풍,,
3520000,태풍,,
3530000,태풍,,
3540000,태풍,,
3550000,태풍,,
3560000,태풍,,
3570000,태풍,,
3580000,태풍,,
3590000,태풍,,
3600000,태풍,,
3610000,태풍,,
3620000,태풍,,
3630000,태풍,,
3640000,태풍,,
3650000,태풍,,
3660000,태풍,,
3670000,태풍,,
3680000,태풍,,
3690000,태풍,20790,
3700000,태풍,20000,
3710000,태풍,,
3720000,태풍,2354442,
3730000,태풍,36570,
5690000,태풍,,
3750000,태풍,,
3760000,태풍,,
3790000,태풍,,
3810000,태풍,,
3820000,태풍,,
3860000,태풍,,
3900000,태풍,,
3910000,태풍,,
3920000,태풍,,
5550000,태풍,,
5560000,태풍,,
3950000,태풍,,
3960100,태풍,,
4100100,태풍,,
3970000,태풍,,
3980000,태풍,,
3990000,태풍,,
4000000,태풍,,
4010000,태풍,,
4030000,태풍,,
4040000,태풍,,
5620000,태풍,,
4060000,태풍,,
4070000,태풍,,
4080000,태풍,,
4090000,태풍,,
5530000,태풍,,
5540000,태풍,,
5590000,태풍,,
5600000,태풍,,
5700000,태풍,,
4140000,태풍,,
4160000,태풍,,
4170000,태풍,,
4180000,태풍,,
4190000,태풍,,
4200000,태풍,,
4210000,태풍,,
4220000,태풍,,
4230000,태풍,,
4240000,태풍,,
4250000,태풍,,
4260000,태풍,,
4270000,태풍,29044,
4280000,태풍,,
4290000,태풍,,
4300000,태풍,,
4310000,태풍,,
4320000,태풍,,
4330000,태풍,,
4340000,태풍,,
4350000,태풍,,
5710000,태풍,,
5720000,태풍,,
5725000,태풍,,
5730000,태풍,,
5735000,태풍,,
4390000,태풍,,
4400000,태풍,,
4420000,태풍,,
4430000,태풍,,
4440000,태풍,,
5570000,태풍,,
4450000,태풍,,
4460000,태풍,,
4470000,태풍,,
4480000,태풍,,
4490000,태풍,,
5650000,태풍,,
5660000,태풍,,
4500000,태풍,,
4510000,태풍,,
4520000,태풍,,
4530000,태풍,,
4540000,태풍,,
5580000,태풍,,
5680000,태풍,,
4550000,태풍,,
4570000,태풍,,
4580000,태풍,,
4590000,태풍,,
4600000,태풍,,
4610000,태풍,,
4620000,태풍,,
4640000,태풍,6000,
4650000,태풍,,
4660000,태풍,,
4670000,태풍,,
4680000,태풍,,
4690000,태풍,,
4700000,태풍,,
4710000,태풍,10000,
4720000,태풍,2000,
4730000,태풍,,
4740000,태풍,5238,
4750000,태풍,1143,
4760000,태풍,30892,
4770000,태풍,,
4780000,태풍,3989,
4790000,태풍,2000,
4800000,태풍,,
4810000,태풍,,
4820000,태풍,,
4830000,태풍,,
4840000,태풍,,
4850000,태풍,,
4860000,태풍,,
4870000,태풍,,
4880000,태풍,,
4890000,태풍,,
4900000,태풍,,
4910000,태풍,,
4920000,태풍,,
4930000,태풍,,
4940000,태풍,,
4950000,태풍,,
4960000,태풍,52000,
4970000,태풍,,
4980000,태풍,,
4990000,태풍,,
5000000,태풍,,
5010000,태풍,,
5020000,태풍,8670599,
5030000,태풍,,
5040000,태풍,,
5050000,태풍,2142599,
5060000,태풍,30572,
5070000,태풍,2000,
5080000,태풍,,
5090000,태풍,,
5100000,태풍,1594574,
5110000,태풍,2000,
5120000,태풍,,
5130000,태풍,,
5140000,태풍,39326,
5150000,태풍,459372,
5160000,태풍,1718829,
5170000,태풍,,
5180000,태풍,11516,
5190000,태풍,378006,
5200000,태풍,53502,
5210000,태풍,122290,
5220000,태풍,2000,
5230000,태풍,,
5240000,태풍,,
5250000,태풍,,
5260000,태풍,13241,
5670000,태풍,389141,
5670123,태풍,,
5670140,태풍,,
5670156,태풍,,
5670184,태풍,,
5670206,태풍,,
5310000,태풍,3916,
5330000,태풍,49176,
5340000,태풍,8267,
5350000,태풍,281068,
5360000,태풍,,
5370000,태풍,135672,
5380000,태풍,818634,
5390000,태풍,11414,
5400000,태풍,159506,
5410000,태풍,,
5420000,태풍,190991,
5430000,태풍,,
5440000,태풍,,
5450000,태풍,,
5460000,태풍,,
5470000,태풍,,
5480000,태풍,26000,
6510000,태풍,,
6520000,태풍,,
3280000,"태풍,호우",,
3340000,"태풍,호우",,
3360000,"태풍,호우",,
3370000,"태풍,호우",,
3400000,"태풍,호우",,
3660000,"태풍,호우",,
3720000,"태풍,호우",,
3730000,"태풍,호우",,
3790000,"태풍,호우",,
3910000,"태풍,호우",,
5560000,"태풍,호우",,
3950000,"태풍,호우",,
4100100,"태풍,호우",,
4000000,"태풍,호우",,
4010000,"태풍,호우",,
5620000,"태풍,호우",,
5640000,"태풍,호우",,
4070000,"태풍,호우",,
4080000,"태풍,호우",,
5530000,"태풍,호우",,
5540000,"태풍,호우",,
5590000,"태풍,호우",,
5700000,"태풍,호우",,
4170000,"태풍,호우",,
4220000,"태풍,호우",,
4300000,"태풍,호우",,
5725000,"태풍,호우",,
5730000,"태풍,호우",,
5735000,"태풍,호우",,
4470000,"태풍,호우",,
4480000,"태풍,호우",,
5650000,"태풍,호우",,
5660000,"태풍,호우",,
4500000,"태풍,호우",,
4510000,"태풍,호우",,
4520000,"태풍,호우",,
4540000,"태풍,호우",,
5680000,"태풍,호우",,
4550000,"태풍,호우",,
4570000,"태풍,호우",,
4580000,"태풍,호우",,
4590000,"태풍,호우",,
4610000,"태풍,호우",,
4620000,"태풍,호우",,
4650000,"태풍,호우",,
4660000,"태풍,호우",,
4670000,"태풍,호우",,
4680000,"태풍,호우",,
4690000,"태풍,호우",,
4700000,"태풍,호우",,
4710000,"태풍,호우",,
4720000,"태풍,호우",,
4730000,"태풍,호우",,
4740000,"태풍,호우",,
4750000,"태풍,호우",,
4760000,"태풍,호우",,
4780000,"태풍,호우",,
4790000,"태풍,호우",,
4810000,"태풍,호우",,
4820000,"태풍,호우",,
4830000,"태풍,호우",,
4840000,"태풍,호우",,
4850000,"태풍,호우",,
4860000,"태풍,호우",,
4880000,"태풍,호우",,
4890000,"태풍,호우",,
4900000,"태풍,호우",,
4910000,"태풍,호우",,
4920000,"태풍,호우",,
4930000,"태풍,호우",,
4940000,"태풍,호우",,
4950000,"태풍,호우",,
4960000,"태풍,호우",,
4970000,"태풍,호우",,
4980000,"태풍,호우",,
4990000,"태풍,호우",,
5000000,"태풍,호우",,
5010000,"태풍,호우",,
5030000,"태풍,호우",,
5040000,"태풍,호우",,
5050000,"태풍,호우",,
5060000,"태풍,호우",,
5070000,"태풍,호우",,
5080000,"태풍,호우",,
5090000,"태풍,호우",,
5140000,"태풍,호우",,
5150000,"태풍,호우",,
5160000,"태풍,호우",,
5170000,"태풍,호우",,
5180000,"태풍,호우",,
5190000,"태풍,호우",,
5210000,"태풍,호우",,
5220000,"태풍,호우",,
5230000,"태풍,호우",,
5310000,"태풍,호우",,
5330000,"태풍,호우",,
5340000,"태풍,호우",,
5350000,"태풍,호우",,
5360000,"태풍,호우",,
5370000,"태풍,호우",,
5380000,"태풍,호우",,
5390000,"태풍,호우",,
5400000,"태풍,호우",,
5440000,"태풍,호우",,
5460000,"태풍,호우",,
5470000,"태풍,호우",,
5480000,"태풍,호우",,
6510000,"태풍,호우",,
